TradeID,ExecutionTime,Quantity,Price,Counterparty,Instrument,TradeSide,Trader,Desk,ExecutionVenue,qty_zscore,price_dev_pct,party_freq_1hr,qty_zscore_scaled,price_dev_pct_scaled,party_freq_1hr_scaled,risk_score,anomaly_score,is_anomaly,severity_level,anomaly_type,flagged_reason
T1000,2026-07-23 05:51:59,2164029.0,0.0067,Goldman Sachs,JPYUSD,SELL,John Smith,FX,CME,-0.33187004217433946,0.003169293071573326,6,-0.3318700421743396,-0.2432256820019783,-1.018763258525093,1.9336988047912076,0.073,False,LOW,NORMAL,Multi-factor anomaly (risk score > threshold)
T0999,2026-07-23 05:50:21,200.5,181.5583,Morgan Stanley,GOOGL,SELL,Jane Doe,Equities,CME,-0.31822145358843623,0.011775280871903894,13,-0.31822145358843634,0.1603781312167608,1.4773315296007916,4.0308211656969455,0.3064,False,LOW,NORMAL,Multi-factor anomaly (risk score > threshold)
T0998,2026-07-23 05:48:35,277.13,421.0746,Goldman Sachs,MSFT,BUY,John Smith,Equities,NASDAQ,-0.18490651605126587,0.002778778484431951,6,-0.18490651605126593,-0.26154004406530196,-1.018763258525093,1.8747962399658358,0.0739,False,LOW,NORMAL,Multi-factor anomaly (risk score > threshold)
T0997,2026-07-23 05:46:40,254.81,149.6321,Bank of America,AAPL,BUY,Alice Johnson,Equities,CBOE,-0.2330122169037911,0.004768155489678151,7,-0.23301221690379115,-0.16824219565141035,-0.6621782887928237,2.19463533340842,0.0483,False,LOW,NORMAL,Multi-factor anomaly (risk score > threshold)
T0996,2026-07-23 05:45:32,1000000.0,1.1018,Citigroup,EURUSD,SELL,Jane Doe,FX,NASDAQ,-0.6121418841864044,0.003287525072141874,8,-0.6121418841864045,-0.23768083492793143,-0.3055933190605545,2.645843011196204,0.1498,False,LOW,NORMAL,Multi-factor anomaly (risk score > threshold)
T0995,2026-07-23 05:44:08,4168664.79,1.2757,Citigroup,GBPUSD,BUY,John Smith,FX,NYSE,0.25906672813309223,0.00496444071629161,7,0.25906672813309223,-0.1590368065923353,-0.6621782887928237,2.2051160234681246,0.2088,False,LOW,NORMAL,Multi-factor anomaly (risk score > threshold)
T0994,2026-07-23 05:42:19,283.17,150.0545,UBS,AAPL,SELL,Bob Wilson,Equities,CME,-0.15497941690016373,0.0019586919379326233,6,-0.15497941690016379,-0.3000004817298547,-1.018763258525093,1.8625793743414452,0.0864,False,LOW,NORMAL,Multi-factor anomaly (risk score > threshold)
T0993,2026-07-23 05:40:20,297.59,179.8359,Bank of America,GOOGL,SELL,Alice Johnson,Equities,NASDAQ,-0.09231217151329162,0.002176811709250573,6,-0.09231217151329166,-0.28977109569250264,-1.018763258525093,1.8375779121180917,0.0835,False,LOW,NORMAL,Multi-factor anomaly (risk score > threshold)
T0992,2026-07-23 05:39:11,174.48,420.1607,Morgan Stanley,MSFT,BUY,Alice Johnson,Equities,CBOE,-0.42475241333135133,0.0006023481662487174,13,-0.42475241333135144,-0.3636103230389586,1.4773315296007916,4.070081669782415,0.2658,False,LOW,NORMAL,Multi-factor anomaly (risk score > threshold)
T0991,2026-07-23 05:38:37,185.75,178.9387,Morgan Stanley,GOOGL,SELL,Alice Johnson,Equities,CBOE,-0.3525417946184948,0.002823041131397693,12,-0.3525417946184949,-0.25946421343283904,1.1207465598685225,3.741863630186817,0.1248,False,LOW,NORMAL,Multi-factor anomaly (risk score > threshold)
T0990,2026-07-23 05:36:45,338.49,152.484,Morgan Stanley,AAPL,BUY,Jane Doe,Equities,CME,-0.0027659297280670254,0.014200379319089402,12,-0.0027659297280670544,0.2741104538070064,1.1207465598685225,3.6053664856869534,0.3341,False,LOW,NORMAL,Multi-factor anomaly (risk score > threshold)
T0989,2026-07-23 05:36:15,3020442.42,1.1024,Citigroup,EURUSD,BUY,John Smith,FX,NYSE,-0.0717533942159453,0.003833878779750734,7,-0.07175339421594534,-0.2120579262191064,-0.6621782887928237,2.1298515213203033,0.05,False,LOW,NORMAL,Multi-factor anomaly (risk score > threshold)
T0988,2026-07-23 05:35:44,245.89,178.6717,Goldman Sachs,GOOGL,BUY,Jane Doe,Equities,CME,-0.2126078753271239,0.0043109598880330165,7,-0.21260787532712397,-0.18968376546210935,-0.6621782887928237,2.1863364380972596,0.0381,False,LOW,NORMAL,Multi-factor anomaly (risk score > threshold)
T0987,2026-07-23 05:34:46,1843118.2,0.0067,UBS,JPYUSD,BUY,Jane Doe,FX,NYSE,-0.4227489672290169,0.003169293071573326,5,-0.422748967229017,-0.2432256820019783,-1.3753482282573621,1.6700503748130788,0.1174,False,LOW,NORMAL,Multi-factor anomaly (risk score > threshold)
T0986,2026-07-23 05:33:26,382.95,415.8947,JPMorgan Chase,MSFT,SELL,Jane Doe,Equities,CBOE,0.06234621507565706,0.009557025657331727,11,0.06234621507565704,0.05634634729309676,0.7641615901362532,3.327805593727462,0.1764,False,LOW,NORMAL,Multi-factor anomaly (risk score > threshold)
T0985,2026-07-23 05:32:04,308.98,149.3285,Morgan Stanley,AAPL,BUY,Bob Wilson,Equities,CME,-0.08396296527485973,0.006787457417495449,13,-0.08396296527485977,-0.07354092753251906,1.4773315296007916,3.9356214233351925,0.1776,False,LOW,NORMAL,Multi-factor anomaly (risk score > threshold)
T0984,2026-07-23 05:30:22,191.31,181.0181,JPMorgan Chase,GOOGL,SELL,Alice Johnson,Equities,CBOE,-0.33960477115224896,0.008764892436194808,10,-0.3396047711522491,0.019196865322436377,0.40757662040398396,3.138471376191758,0.0941,False,LOW,NORMAL,Multi-factor anomaly (risk score > threshold)
T0983,2026-07-23 05:29:21,3003548.03,0.0067,UBS,JPYUSD,SELL,Jane Doe,FX,NYSE,-0.09412613636205308,0.003169293071573326,4,-0.09412613636205312,-0.2432256820019783,-1.7319331979896313,1.238601242466293,0.1836,False,LOW,NORMAL,Multi-factor anomaly (risk score > threshold)
T0982,2026-07-23 05:28:18,279.28,149.8153,Goldman Sachs,AAPL,SELL,John Smith,Equities,NASDAQ,-0.16568278756356689,0.00354965709318241,7,-0.16568278756356694,-0.22538736139376822,-0.6621782887928237,2.1673380121533814,0.0364,False,LOW,NORMAL,Multi-factor anomaly (risk score > threshold)
T0981,2026-07-23 05:26:37,3278954.55,1.2704,Morgan Stanley,GBPUSD,SELL,Bob Wilson,FX,NASDAQ,0.045342978365208286,0.0007892337430248325,13,0.045342978365208265,-0.35484575897351495,1.4773315296007916,3.9183739614689905,0.2442,False,LOW,NORMAL,Multi-factor anomaly (risk score > threshold)
T0980,2026-07-23 05:25:35,1671628.48,1.2654,JPMorgan Chase,GBPUSD,BUY,Bob Wilson,FX,NYSE,-0.3407644747535466,0.003149640760056888,10,-0.3407644747535467,-0.24414733655815746,0.40757662040398396,3.137250682129436,0.0255,False,LOW,NORMAL,Multi-factor anomaly (risk score > threshold)
T0979,2026-07-23 05:24:58,1835260.38,1.2726,Citigroup,GBPUSD,BUY,Alice Johnson,FX,CME,-0.3014572692417348,0.0025223385243808103,7,-0.30145726924173494,-0.27356657119264993,-0.6621782887928237,2.221339609254008,0.0543,False,LOW,NORMAL,Multi-factor anomaly (risk score > threshold)
T0978,2026-07-23 05:23:10,258.5,150.5508,Goldman Sachs,AAPL,SELL,Jane Doe,Equities,CME,-0.22285914807398202,0.0013422947115262287,7,-0.22285914807398208,-0.328908292989536,-0.6621782887928237,2.189546347643051,0.0443,False,LOW,NORMAL,Multi-factor anomaly (risk score > threshold)
T0977,2026-07-23 05:22:31,1503.7,151.9057,Bank of America,AAPL,BUY,Bob Wilson,Equities,NASDAQ,3.203320067882179,0.010353994915740575,7,3.2033200678821796,0.09372262985063957,-0.6621782887928237,3.384434225627594,0.6495,False,LOW,NORMAL,3.20x normal quantity for AAPL
T0976,2026-07-23 05:20:40,1115094.82,1.2388,Goldman Sachs,EURUSD,BUY,Alice Johnson,FX,CME,-0.5813585689245807,0.12803828830946576,6,-0.5813585689245808,5.612883320252257,-1.018763258525093,2.0709549140626717,0.858,True,HIGH,PRICE_ANOMALY,Price 12.8% away from average
T0975,2026-07-23 05:19:30,272.28,415.7181,JPMorgan Chase,MSFT,BUY,John Smith,Equities,CBOE,-0.19623873818286278,0.009977594203333691,10,-0.19623873818286283,0.0760701806082838,0.40757662040398396,3.0814887735341454,0.1224,False,LOW,NORMAL,Multi-factor anomaly (risk score > threshold)
T0974,2026-07-23 05:17:31,214.16,178.3833,UBS,GOOGL,BUY,Jane Doe,Equities,NYSE,-0.2864373275904295,0.005918135054376019,6,-0.2864373275904296,-0.11431042765403332,-1.018763258525093,1.9163503715524843,0.1078,False,LOW,NORMAL,Multi-factor anomaly (risk score > threshold)
T0973,2026-07-23 05:16:48,331.58,422.3238,Citigroup,MSFT,SELL,Alice Johnson,Equities,NASDAQ,-0.05768187789344173,0.005753717485936157,6,-0.057681877893441764,-0.12202128654927047,-1.018763258525093,1.8247988664031574,0.1036,False,LOW,NORMAL,Multi-factor anomaly (risk score > threshold)
T0972,2026-07-23 05:15:07,2657436.65,0.0067,JPMorgan Chase,JPYUSD,SELL,Jane Doe,FX,NYSE,-0.19214162902727647,0.003169293071573326,10,-0.19214162902727652,-0.2432256820019783,0.40757662040398396,3.0778074395323824,0.0176,False,LOW,NORMAL,Multi-factor anomaly (risk score > threshold)
T0971,2026-07-23 05:13:08,245.23,148.2589,Bank of America,AAPL,BUY,Jane Doe,Equities,NYSE,-0.2593716747329431,0.01390157250969973,8,-0.2593716747329432,0.2600970052077922,-0.3055933190605545,2.507919141646087,0.1932,False,LOW,NORMAL,Multi-factor anomaly (risk score > threshold)
T0970,2026-07-23 05:12:20,3730297.96,1.0961,Morgan Stanley,EURUSD,BUY,John Smith,FX,CME,0.11810490590713608,0.0019028351501407773,13,0.11810490590713607,-0.3026200546446656,1.4773315296007916,3.9478128129078964,0.242,False,LOW,NORMAL,Multi-factor anomaly (risk score > threshold)
T0969,2026-07-23 05:10:22,3330147.69,0.0067,Morgan Stanley,JPYUSD,SELL,John Smith,FX,NYSE,-0.0016361795764816887,0.003169293071573326,13,-0.0016361795764817174,-0.2432256820019783,1.4773315296007916,3.9016052597520647,0.1901,False,LOW,NORMAL,Multi-factor anomaly (risk score > threshold)
T0968,2026-07-23 05:08:50,247.86,180.1709,JPMorgan Chase,GOOGL,SELL,Bob Wilson,Equities,CME,-0.20802407384717705,0.004043676066826443,9,-0.2080240738471771,-0.20221884823860423,0.05099165067171474,2.7844227323589186,0.0075,False,LOW,NORMAL,Multi-factor anomaly (risk score > threshold)
T0967,2026-07-23 05:08:11,184.77,151.3166,Bank of America,AAPL,BUY,Jane Doe,Equities,NYSE,-0.4257279190284052,0.006435777637489234,8,-0.4257279190284053,-0.09003401392022965,-0.3055933190605545,2.572221900902609,0.0672,False,LOW,NORMAL,Multi-factor anomaly (risk score > threshold)
T0966,2026-07-23 05:07:02,34834383.07,1.273,Citigroup,GBPUSD,SELL,Alice Johnson,FX,CME,7.625501332872656,0.0028374484846273203,6,7.625501332872657,-0.25878853705067595,-1.018763258525093,4.851051767694451,0.8918,True,HIGH,SIZE_ANOMALY,7.63x normal quantity for GBPUSD
T0965,2026-07-23 05:05:42,198.61,151.4687,Citigroup,AAPL,SELL,John Smith,Equities,CME,-0.38764703214370133,0.007447423959034132,6,-0.38764703214370144,-0.04258980153260019,-1.018763258525093,1.9572930400451907,0.1532,False,LOW,NORMAL,Multi-factor anomaly (risk score > threshold)
T0964,2026-07-23 05:03:57,297.82,420.8695,JPMorgan Chase,MSFT,BUY,Alice Johnson,Equities,CBOE,-0.13656349009193838,0.0022903378910855087,10,-0.13656349009193844,-0.284446942213342,0.40757662040398396,3.055312497404101,0.0434,False,LOW,NORMAL,Multi-factor anomaly (risk score > threshold)
T0963,2026-07-23 05:02:31,2758502.14,0.0067,Citigroup,JPYUSD,SELL,Bob Wilson,FX,CME,-0.16352083131238412,0.003169293071573326,6,-0.16352083131238418,-0.2432256820019783,-1.018763258525093,1.8663591204464254,0.0551,False,LOW,NORMAL,Multi-factor anomaly (risk score > threshold)
T0962,2026-07-23 05:01:08,226.21,147.5803,Bank of America,AAPL,SELL,Jane Doe,Equities,CME,-0.31170537910773116,0.018415071482745765,8,-0.3117053791077313,0.4717711835525803,-0.3055933190605545,2.5302066730879162,0.3097,False,LOW,NORMAL,Multi-factor anomaly (risk score > threshold)
T0961,2026-07-23 04:59:10,1825720.7,0.0067,Morgan Stanley,JPYUSD,BUY,John Smith,FX,CME,-0.4276757758582022,0.003169293071573326,13,-0.4276757758582023,-0.2432256820019783,1.4773315296007916,4.072021098264753,0.206,False,LOW,NORMAL,Multi-factor anomaly (risk score > threshold)
T0960,2026-07-23 04:58:21,2030331.55,1.1005,Morgan Stanley,EURUSD,BUY,Jane Doe,FX,NYSE,-0.3365689181063205,0.0021037587056564493,12,-0.3365689181063206,-0.29319713713036505,1.1207465598685225,3.735258694854225,0.1278,False,LOW,NORMAL,Multi-factor anomaly (risk score > threshold)
T0959,2026-07-23 04:57:08,2336937.71,1.1034,Morgan Stanley,EURUSD,SELL,Alice Johnson,FX,CBOE,-0.25456388882266445,0.00474446829243183,11,-0.25456388882266456,-0.16935307837108055,0.7641615901362532,3.403248896016795,0.0716,False,LOW,NORMAL,Multi-factor anomaly (risk score > threshold)
T0958,2026-07-23 04:55:54,184.02,177.8984,Morgan Stanley,GOOGL,SELL,John Smith,Equities,CBOE,-0.35656716343083383,0.008620351552849336,10,-0.35656716343083394,0.012418183660582695,0.40757662040398396,3.1452129708381884,0.0925,False,LOW,NORMAL,Multi-factor anomaly (risk score > threshold)
T0957,2026-07-23 04:54:52,53.56,415.6638,JPMorgan Chase,MSFT,SELL,John Smith,Equities,CME,-0.7072869082081943,0.010106908314590263,11,-0.7072869082081944,0.08213475676352072,0.7641615901362532,3.5859468357776545,0.3367,False,LOW,NORMAL,Multi-factor anomaly (risk score > threshold)
T0956,2026-07-23 04:54:22,2986956.68,0.0067,Morgan Stanley,JPYUSD,SELL,John Smith,FX,CME,-0.09882465088137088,0.003169293071573326,9,-0.09882465088137092,-0.2432256820019783,0.05099165067171474,2.74048064827402,0.0158,False,LOW,NORMAL,Multi-factor anomaly (risk score > threshold)
T0955,2026-07-23 04:53:06,244.11,369.9627,Bank of America,MSFT,BUY,Alice Johnson,Equities,NYSE,-0.2620590881719519,0.11894295122336432,7,-0.262059088171952,5.186329993007318,-0.6621782887928237,2.2405065206357904,0.7303,True,MEDIUM,PRICE_ANOMALY,Price 11.9% away from average
T0954,2026-07-23 04:51:39,162.51,182.2278,Goldman Sachs,GOOGL,BUY,John Smith,Equities,CME,-0.40661669126517686,0.015506223222343058,7,-0.40661669126517697,0.33535195112836835,-0.6621782887928237,2.2672985434727737,0.2868,False,LOW,NORMAL,Multi-factor anomaly (risk score > threshold)
T0953,2026-07-23 04:49:53,2724207.09,0.0067,UBS,JPYUSD,SELL,Alice Johnson,FX,CME,-0.1732328674255235,0.003169293071573326,10,-0.17323286742552355,-0.2432256820019783,0.40757662040398396,3.0702439348916815,0.0175,False,LOW,NORMAL,Multi-factor anomaly (risk score > threshold)
T0952,2026-07-23 04:48:00,157.35,151.8279,UBS,AAPL,SELL,Jane Doe,Equities,CME,-0.5011743004141408,0.009836532168757144,10,-0.5011743004141409,0.06945465007577464,0.40757662040398396,3.2034206798162836,0.1657,False,LOW,NORMAL,Multi-factor anomaly (risk score > threshold)
T0951,2026-07-23 04:47:04,1985462.68,0.0075,JPMorgan Chase,JPYUSD,SELL,John Smith,FX,CBOE,-0.38243834717550973,0.11585526894973128,10,-0.38243834717550984,5.041523798929477,0.40757662040398396,3.1877319195551235,0.7916,True,MEDIUM,PRICE_ANOMALY,Price 11.6% away from average
T0950,2026-07-23 04:46:18,2420659.09,1.1054,Goldman Sachs,EURUSD,SELL,Alice Johnson,FX,NASDAQ,-0.23217172873505207,0.006565647317794223,6,-0.23217172873505212,-0.08394338267501934,-1.018763258525093,1.894838385689359,0.1167,False,LOW,NORMAL,Multi-factor anomaly (risk score > threshold)
T0949,2026-07-23 04:44:51,2453786.47,1.1041,JPMorgan Chase,EURUSD,BUY,Alice Johnson,FX,NASDAQ,-0.22331146393479223,0.005381880951308799,10,-0.2233114639347923,-0.13945968487745297,0.40757662040398396,3.0909391498593095,0.042,False,LOW,NORMAL,Multi-factor anomaly (risk score > threshold)
T0948,2026-07-23 04:43:15,294.01,417.734,JPMorgan Chase,MSFT,BUY,Jane Doe,Equities,NASDAQ,-0.14546570995201755,0.005176778054492716,9,-0.1454657099520176,-0.14907860523590397,0.05099165067171474,2.7597393173971545,0.0244,False,LOW,NORMAL,Multi-factor anomaly (risk score > threshold)
T0947,2026-07-23 04:41:41,1861345.02,1.1,Morgan Stanley,EURUSD,BUY,John Smith,FX,NYSE,-0.3817661357394999,0.0016484639493159012,10,-0.3817661357395,-0.314549561054378,0.40757662040398396,3.1532009934805947,0.0645,False,LOW,NORMAL,Multi-factor anomaly (risk score > threshold)
T0946,2026-07-23 04:40:00,1080428.37,0.0067,Goldman Sachs,JPYUSD,SELL,John Smith,FX,NYSE,-0.6387355650640996,0.003169293071573326,5,-0.6387355650640997,-0.2432256820019783,-1.3753482282573621,1.7564450139471117,0.2391,False,LOW,NORMAL,Multi-factor anomaly (risk score > threshold)
T0945,2026-07-23 04:38:25,331.91,148.2282,Citigroup,AAPL,SELL,Alice Johnson,Equities,CME,-0.020870860053309143,0.014105764107802617,8,-0.020870860053309175,0.2696731874582932,-0.3055933190605545,2.412580073253664,0.2468,False,LOW,NORMAL,Multi-factor anomaly (risk score > threshold)
T0944,2026-07-23 04:36:45,150.2,176.8637,Morgan Stanley,GOOGL,SELL,Alice Johnson,Equities,CBOE,-0.43525963350789015,0.01438645468951769,9,-0.43525963350789026,0.28283702079656936,0.05099165067171474,2.8784197898100112,0.2292,False,LOW,NORMAL,Multi-factor anomaly (risk score > threshold)
T0943,2026-07-23 04:35:08,3014971.14,0.9395,Goldman Sachs,EURUSD,BUY,John Smith,FX,NASDAQ,-0.07321674536524728,0.14450115283601617,5,-0.07321674536524732,6.384959118356924,-1.3753482282573621,1.5726370439969037,0.8836,True,HIGH,PRICE_ANOMALY,Price 14.5% away from average
T0942,2026-07-23 04:34:20,306.47,422.7599,Morgan Stanley,MSFT,SELL,Alice Johnson,Equities,NASDAQ,-0.11635241350671922,0.006792278884075753,9,-0.11635241350671927,-0.07331481028226654,0.05099165067171474,2.7485786490679103,0.0447,False,LOW,NORMAL,Multi-factor anomaly (risk score > threshold)
T0941,2026-07-23 04:32:45,252.95,153.5783,Morgan Stanley,GOOGL,SELL,Bob Wilson,Equities,NASDAQ,-0.19618064768832977,0.14414968845638274,8,-0.19618064768832982,6.3684761338208355,-0.3055933190605545,2.521717165612247,0.8228,True,MEDIUM,PRICE_ANOMALY,Price 14.4% away from average
T0940,2026-07-23 04:30:49,268.91,151.5132,Morgan Stanley,AAPL,BUY,Jane Doe,Equities,NYSE,-0.19421593763541495,0.007743402008401271,7,-0.194215937635415,-0.02870901618579401,-0.6621782887928237,2.1800093956566866,0.0815,False,LOW,NORMAL,Multi-factor anomaly (risk score > threshold)
T0939,2026-07-23 04:29:50,2322921.99,1.2688,Citigroup,GBPUSD,BUY,Jane Doe,FX,NYSE,-0.18431253692186916,0.00047120609796138103,8,-0.18431253692186922,-0.3697606267649444,-0.3055933190605545,2.473866376598136,0.0525,False,LOW,NORMAL,Multi-factor anomaly (risk score > threshold)
T0938,2026-07-23 04:28:17,223.84,147.6502,Bank of America,AAPL,BUY,John Smith,Equities,NASDAQ,-0.31822645583581993,0.017950153153515006,9,-0.31822645583582004,0.44996743308646736,0.05099165067171474,2.832675628280382,0.294,False,LOW,NORMAL,Multi-factor anomaly (risk score > threshold)
T0937,2026-07-23 04:27:31,2805967.68,1.2714,Bank of America,GBPUSD,SELL,Bob Wilson,FX,CME,-0.06827662822420733,0.0015770086436412815,8,-0.06827662822420737,-0.3179006736185719,-0.3055933190605545,2.427783753882775,0.0481,False,LOW,NORMAL,Multi-factor anomaly (risk score > threshold)
T0936,2026-07-23 04:26:52,238.11,418.3638,JPMorgan Chase,MSFT,SELL,Jane Doe,Equities,CME,-0.2760783320460923,0.0036769248819443334,11,-0.2760783320460924,-0.21941875371781308,0.7641615901362532,3.41153441028302,0.0539,False,LOW,NORMAL,Multi-factor anomaly (risk score > threshold)
T0935,2026-07-23 04:26:08,2594598.64,1.0982,Morgan Stanley,EURUSD,BUY,Jane Doe,FX,NYSE,-0.18564977401849977,9.402826489726364e-06,8,-0.18564977401849983,-0.39141828718083405,-0.3055933190605545,2.474262730455347,0.1083,False,LOW,NORMAL,Multi-factor anomaly (risk score > threshold)
T0934,2026-07-23 04:24:57,430.23,421.4667,UBS,MSFT,BUY,Jane Doe,Equities,CME,0.17281785680388353,0.0037125549673729156,10,0.17281785680388353,-0.21774777315428812,0.40757662040398396,3.0702409092117655,0.1245,False,LOW,NORMAL,Multi-factor anomaly (risk score > threshold)
T0933,2026-07-23 04:23:40,2446493.73,0.0076,Goldman Sachs,JPYUSD,SELL,Alice Johnson,FX,NYSE,-0.2518786831167456,0.13073333920239438,7,-0.2518786831167457,5.739275878833711,-0.6621782887928237,2.2399714750074167,0.7445,True,MEDIUM,PRICE_ANOMALY,Price 13.1% away from average
T0932,2026-07-23 04:22:30,2856691.33,1.0942,UBS,EURUSD,BUY,Alice Johnson,FX,NYSE,-0.11555033857831751,0.0036329552242350617,9,-0.11555033857831755,-0.221480843733407,0.05099165067171474,2.7473100219985973,0.0245,False,LOW,NORMAL,Multi-factor anomaly (risk score > threshold)
T0931,2026-07-23 04:21:36,331.31,420.7066,JPMorgan Chase,MSFT,BUY,Bob Wilson,Equities,NYSE,-0.058312743867778,0.0019023955573157917,10,-0.05831274386777804,-0.30264067067905287,0.40757662040398396,3.023895816214306,0.0704,False,LOW,NORMAL,Multi-factor anomaly (risk score > threshold)
T0930,2026-07-23 04:20:25,283.46,416.8555,Bank of America,MSFT,BUY,Bob Wilson,Equities,CBOE,-0.17011621376404779,0.00726890414544797,8,-0.17011621376404784,-0.05096202784411157,-0.3055933190605545,2.4702271567492535,0.0495,False,LOW,NORMAL,Multi-factor anomaly (risk score > threshold)
T0929,2026-07-23 04:19:38,3549772.1,1.4515,UBS,GBPUSD,BUY,John Smith,FX,NYSE,0.11039802627490915,0.14345526824464783,9,0.11039802627490913,6.335909198805938,0.05099165067171474,2.7871957909833576,0.8855,True,HIGH,PRICE_ANOMALY,Price 14.3% away from average
T0928,2026-07-23 04:17:47,1930771.98,0.0067,Bank of America,JPYUSD,SELL,Alice Johnson,FX,NYSE,-0.3979262398437772,0.003169293071573326,7,-0.3979262398437773,-0.2432256820019783,-0.6621782887928237,2.260121283858983,0.0458,False,LOW,NORMAL,Multi-factor anomaly (risk score > threshold)
T0927,2026-07-23 04:15:55,141.25,149.6212,JPMorgan Chase,AAPL,BUY,John Smith,Equities,CME,-0.5454735980184567,0.0048406534837929375,10,-0.5454735980184569,-0.1648421830608378,0.40757662040398396,3.2196416352525206,0.1337,False,LOW,NORMAL,Multi-factor anomaly (risk score > threshold)
T0926,2026-07-23 04:15:20,2013345.25,0.0067,UBS,JPYUSD,BUY,John Smith,FX,CME,-0.3745422651821278,0.003169293071573326,8,-0.3745422651821279,-0.2432256820019783,-0.3055933190605545,2.550767693994323,0.0248,False,LOW,NORMAL,Multi-factor anomaly (risk score > threshold)
T0925,2026-07-23 04:14:11,133.44,151.7463,UBS,AAPL,SELL,Bob Wilson,Equities,NASDAQ,-0.5669628846203019,0.009293794891715314,7,-0.566962884620302,0.04400134481061684,-0.6621782887928237,2.3295732923156356,0.219,False,LOW,NORMAL,Multi-factor anomaly (risk score > threshold)
T0924,2026-07-23 04:13:33,300.79,178.4454,Goldman Sachs,GOOGL,SELL,Jane Doe,Equities,CBOE,-0.08486640261185509,0.005572068557046178,8,-0.08486640261185513,-0.1305402621820594,-0.3055933190605545,2.4356181816118556,0.0367,False,LOW,NORMAL,Multi-factor anomaly (risk score > threshold)
T0923,2026-07-23 04:12:32,2253.9,178.4259,Citigroup,GOOGL,SELL,Alice Johnson,Equities,NASDAQ,4.459635378352053,0.005680736780845341,7,4.459635378352054,-0.1254439373302667,-0.6621782887928237,3.8855583723750753,0.6998,False,LOW,NORMAL,4.46x normal quantity for GOOGL
T0922,2026-07-23 04:12:00,1498103.2,1.2728,Morgan Stanley,GBPUSD,BUY,Bob Wilson,FX,CBOE,-0.3824482408312777,0.0026798935045040653,9,-0.3824482408312778,-0.26617755412166294,0.05099165067171474,2.853783264383862,0.041,False,LOW,NORMAL,Multi-factor anomaly (risk score > threshold)
T0921,2026-07-23 04:10:26,222.79,417.0809,Bank of America,MSFT,SELL,John Smith,Equities,CME,-0.3118741347380642,0.0067321196025893655,7,-0.3118741347380643,-0.076136161645032,-0.6621782887928237,2.2267692897760027,0.0704,False,LOW,NORMAL,Multi-factor anomaly (risk score > threshold)
T0920,2026-07-23 04:08:42,343.94,149.0652,UBS,AAPL,SELL,Alice Johnson,Equities,CME,0.012229795237369081,0.008538716302851964,6,0.012229795237369055,0.008589651834086413,-1.018763258525093,1.807453532985803,0.1842,False,LOW,NORMAL,Multi-factor anomaly (risk score > threshold)
T0919,2026-07-23 04:08:01,1608888.71,1.1002,JPMorgan Chase,EURUSD,SELL,Jane Doe,FX,CME,-0.4492882204047061,0.0018305818518521205,11,-0.44928822040470623,-0.3060085914847728,0.7641615901362532,3.4802644627174377,0.1264,False,LOW,NORMAL,Multi-factor anomaly (risk score > threshold)
T0918,2026-07-23 04:07:46,1488286.2,1.099,JPMorgan Chase,EURUSD,SELL,Jane Doe,FX,CME,-0.48154462505173745,0.0007378744366346031,10,-0.48154462505173756,-0.35725440890241333,0.40757662040398396,3.1928392123516853,0.1126,False,LOW,NORMAL,Multi-factor anomaly (risk score > threshold)
T0917,2026-07-23 04:05:49,2479936.57,0.0067,Citigroup,JPYUSD,BUY,Alice Johnson,FX,CME,-0.2424079848729484,0.003169293071573326,7,-0.24240798487294846,-0.2432256820019783,-0.6621782887928237,2.1979139818706512,0.0211,False,LOW,NORMAL,Multi-factor anomaly (risk score > threshold)
T0916,2026-07-23 04:05:05,415.93,150.47,Bank of America,AAPL,SELL,John Smith,Equities,NASDAQ,0.21031094023952462,0.0008048783881808732,6,0.21031094023952462,-0.3541120560462125,-1.018763258525093,1.884365839612264,0.2014,False,LOW,NORMAL,Multi-factor anomaly (risk score > threshold)
T0915,2026-07-23 04:04:26,2950159.72,1.1032,Citigroup,EURUSD,SELL,Jane Doe,FX,CBOE,-0.09055123856334651,0.00456235038989561,6,-0.09055123856334656,-0.17789404794068572,-1.018763258525093,1.8375892005423071,0.0947,False,LOW,NORMAL,Multi-factor anomaly (risk score > threshold)
T0914,2026-07-23 04:03:21,206.92,421.1251,Morgan Stanley,MSFT,SELL,Bob Wilson,Equities,NASDAQ,-0.34895503478516554,0.0028990429893758812,9,-0.34895503478516565,-0.2558998765544475,0.05099165067171474,2.840451726810879,0.0297,False,LOW,NORMAL,Multi-factor anomaly (risk score > threshold)
T0913,2026-07-23 04:01:47,262.24,149.4981,JPMorgan Chase,AAPL,BUY,John Smith,Equities,NYSE,-0.21256850378577447,0.005659415233839982,11,-0.21256850378577452,-0.1264438757306854,0.7641615901362532,3.3867252260844616,0.0647,False,LOW,NORMAL,Multi-factor anomaly (risk score > threshold)
T0912,2026-07-23 03:59:50,258.04,416.3762,Citigroup,MSFT,BUY,Jane Doe,Equities,NASDAQ,-0.2295110769774892,0.00841034527850993,6,-0.22951107697748926,0.0025693045905950426,-1.018763258525093,1.8943275343745485,0.1348,False,LOW,NORMAL,Multi-factor anomaly (risk score > threshold)
T0911,2026-07-23 03:58:58,392.5,177.1046,Citigroup,GOOGL,BUY,John Smith,Equities,NASDAQ,0.12852468049774954,0.013043984170890604,5,0.12852468049774954,0.21987780762747586,-1.3753482282573621,1.555323067450367,0.4068,False,LOW,NORMAL,Multi-factor anomaly (risk score > threshold)
T0910,2026-07-23 03:57:32,68.18,179.455,UBS,GOOGL,SELL,Alice Johnson,Equities,NYSE,-0.6261039976628325,5.415907103956825e-05,6,-0.6261039976628326,-0.3893193077975524,-1.018763258525093,2.0504578467864447,0.32,False,LOW,NORMAL,Multi-factor anomaly (risk score > threshold)
T0909,2026-07-23 03:56:35,176.6,151.2075,JPMorgan Chase,AAPL,SELL,Alice Johnson,Equities,CBOE,-0.4482077489307196,0.005710132577130795,11,-0.4482077489307197,-0.12406533260194548,0.7641615901362532,3.480996139345427,0.1197,False,LOW,NORMAL,Multi-factor anomaly (risk score > threshold)
T0908,2026-07-23 03:54:48,298.43,180.3654,Goldman Sachs,GOOGL,SELL,John Smith,Equities,NASDAQ,-0.09035765717666448,0.005127571940105662,8,-0.09035765717666452,-0.15138627471685878,-0.3055933190605545,2.4376813344526975,0.0391,False,LOW,NORMAL,Multi-factor anomaly (risk score > threshold)
T0907,2026-07-23 03:52:57,2663994.48,1.0985,UBS,EURUSD,SELL,John Smith,FX,CME,-0.1670891296682235,0.0002825796802940551,6,-0.16708912966822356,-0.37860683282642627,-1.018763258525093,1.8669204257713774,0.1232,False,LOW,NORMAL,Multi-factor anomaly (risk score > threshold)
T0906,2026-07-23 03:51:59,2868168.41,0.0067,Morgan Stanley,JPYUSD,SELL,John Smith,FX,CBOE,-0.13246437346691423,0.003169293071573326,9,-0.13246437346691428,-0.2432256820019783,0.05099165067171474,2.7539365373082374,0.0119,False,LOW,NORMAL,Multi-factor anomaly (risk score > threshold)
T0905,2026-07-23 03:50:01,2971576.43,0.0067,Bank of America,JPYUSD,SELL,John Smith,FX,CBOE,-0.10318019325349485,0.003169293071573326,8,-0.1031801932534949,-0.2432256820019783,-0.3055933190605545,2.44222286522287,0.0087,False,LOW,NORMAL,Multi-factor anomaly (risk score > threshold)
T0904,2026-07-23 03:49:07,2431032.41,1.2701,Morgan Stanley,GBPUSD,BUY,John Smith,FX,NYSE,-0.15834254881497628,0.0005529012728399502,8,-0.15834254881497634,-0.36592928457999546,-0.3055933190605545,2.4635028899078426,0.0468,False,LOW,NORMAL,Multi-factor anomaly (risk score > threshold)
T0903,2026-07-23 03:48:07,247.06,472.5585,UBS,MSFT,BUY,Jane Doe,Equities,NYSE,-0.2551662932671662,0.12538641702072612,5,-0.25516629326716633,5.488515799738284,-1.3753482282573621,1.6396824424130843,0.7755,True,MEDIUM,PRICE_ANOMALY,Price 12.5% away from average
T0902,2026-07-23 03:47:27,2406785.67,1.2692,Bank of America,GBPUSD,BUY,Jane Doe,FX,CME,-0.16416703409059477,0.00015609613771469644,8,-0.16416703409059483,-0.3845386609069265,-0.3055933190605545,2.465713642477552,0.0694,False,LOW,NORMAL,Multi-factor anomaly (risk score > threshold)
T0901,2026-07-23 03:45:52,2334200.85,1.0978,JPMorgan Chase,EURUSD,SELL,Alice Johnson,FX,NASDAQ,-0.25529589069909525,0.000354832978582712,11,-0.25529589069909536,-0.37521829598631906,0.7641615901362532,3.4022248061732125,0.1094,False,LOW,NORMAL,Multi-factor anomaly (risk score > threshold)
T0900,2026-07-23 03:44:08,2928621.05,1.0999,Bank of America,EURUSD,BUY,Alice Johnson,FX,CME,-0.0963119814788869,0.0015574049980477916,7,-0.09631198147888693,-0.31882004583918055,-0.6621782887928237,2.1389920140909693,0.0491,False,LOW,NORMAL,Multi-factor anomaly (risk score > threshold)
T0899,2026-07-23 03:42:18,277.41,151.1915,JPMorgan Chase,AAPL,SELL,Bob Wilson,Equities,CBOE,-0.1708281097076705,0.005603713503200906,10,-0.17082810970767057,-0.12905617677158981,0.40757662040398396,3.0700123579340284,0.0426,False,LOW,NORMAL,Multi-factor anomaly (risk score > threshold)
T0898,2026-07-23 03:40:34,294.14,422.2407,Citigroup,MSFT,SELL,Bob Wilson,Equities,CME,-0.14516195966807785,0.005555816884731387,9,-0.1451619596680779,-0.13130243348297377,0.05099165067171474,2.7597315289326505,0.025,False,LOW,NORMAL,Multi-factor anomaly (risk score > threshold)
T0897,2026-07-23 03:39:26,2306784.64,1.2697,JPMorgan Chase,GBPUSD,BUY,Bob Wilson,FX,CBOE,-0.18818900680864575,0.0002377913125934406,10,-0.1881890068086458,-0.38070731872196945,0.40757662040398396,3.075346940117236,0.0833,False,LOW,NORMAL,Multi-factor anomaly (risk score > threshold)
T0896,2026-07-23 03:37:46,131.32,150.9802,JPMorgan Chase,AAPL,SELL,John Smith,Equities,NYSE,-0.5727960840563981,0.004198316608116059,9,-0.5727960840563983,-0.1949665125868733,0.05099165067171474,2.930377928604994,0.1336,False,LOW,NORMAL,Multi-factor anomaly (risk score > threshold)
T0895,2026-07-23 03:36:28,3172.32,179.5189,Goldman Sachs,GOOGL,SELL,Alice Johnson,Equities,CBOE,6.596617589119942,0.00041025648133534746,9,6.596617589119943,-0.3726190432832135,0.05099165067171474,5.338770112592377,0.8421,True,MEDIUM,SIZE_ANOMALY,6.60x normal quantity for GOOGL
T0894,2026-07-23 03:35:07,280.02,180.2904,Morgan Stanley,GOOGL,BUY,John Smith,Equities,CME,-0.133194096387741,0.004709617233185729,9,-0.13319409638774105,-0.17098752414683427,0.05099165067171474,2.754690523725052,0.0291,False,LOW,NORMAL,Multi-factor anomaly (risk score > threshold)
T0893,2026-07-23 03:33:22,1516094.48,1.267,Goldman Sachs,GBPUSD,SELL,Bob Wilson,FX,NASDAQ,-0.3781264249727529,0.0018892009190708493,8,-0.378126424972753,-0.3032594731260533,-0.3055933190605545,2.5518173302648224,0.0522,False,LOW,NORMAL,Multi-factor anomaly (risk score > threshold)
T0892,2026-07-23 03:32:42,302.85,180.5061,Citigroup,GOOGL,SELL,Jane Doe,Equities,NASDAQ,-0.08007318888155537,0.005911654970287629,11,-0.08007318888155542,-0.1146143307862167,0.7641615901362532,3.3338027720437085,0.0762,False,LOW,NORMAL,Multi-factor anomaly (risk score > threshold)
T0891,2026-07-23 03:30:49,249.93,418.248,Morgan Stanley,MSFT,BUY,John Smith,Equities,CBOE,-0.2484604216140357,0.0039526997269445615,8,-0.24846042161403575,-0.206485458712721,-0.3055933190605545,2.5005699785636977,0.0091,False,LOW,NORMAL,Multi-factor anomaly (risk score > threshold)
T0890,2026-07-23 03:28:51,166.98,426.595,UBS,MSFT,SELL,Alice Johnson,Equities,CBOE,-0.4422764681740269,0.015925474981312814,5,-0.442276468174027,0.35501402973512136,-1.3753482282573621,1.6816882297640046,0.4029,False,LOW,NORMAL,Multi-factor anomaly (risk score > threshold)
T0889,2026-07-23 03:27:48,1760048.23,0.0067,Morgan Stanley,JPYUSD,BUY,Jane Doe,FX,NASDAQ,-0.44627360266641664,0.003169293071573326,7,-0.44627360266641675,-0.2432256820019783,-0.6621782887928237,2.2794602289880386,0.0643,False,LOW,NORMAL,Multi-factor anomaly (risk score > threshold)
T0888,2026-07-23 03:26:40,3659357.82,1.2742,Goldman Sachs,GBPUSD,BUY,Bob Wilson,FX,CME,0.1367224068950685,0.003782778365367024,11,0.1367224068950685,-0.2144544346247459,0.7641615901362532,3.355823796267637,0.1523,False,LOW,NORMAL,Multi-factor anomaly (risk score > threshold)
T0887,2026-07-23 03:25:12,149.54,149.9642,Goldman Sachs,AAPL,BUY,Bob Wilson,Equities,CME,-0.522663587015986,0.0025592945864236025,10,-0.5226635870159861,-0.2718334049474635,0.40757662040398396,3.2098332231823217,0.1028,False,LOW,NORMAL,Multi-factor anomaly (risk score > threshold)
T0886,2026-07-23 03:23:47,3200063.86,0.0067,Bank of America,JPYUSD,SELL,Jane Doe,FX,CME,-0.03847469868333445,0.003169293071573326,8,-0.03847469868333449,-0.2432256820019783,-0.3055933190605545,2.4163406673948056,0.0286,False,LOW,NORMAL,Multi-factor anomaly (risk score > threshold)
T0885,2026-07-23 03:21:56,2308094.11,1.0993,UBS,EURUSD,BUY,Bob Wilson,FX,NASDAQ,-0.26227841178804145,0.0010110512904389318,4,-0.26227841178804157,-0.34444295454800555,-1.7319331979896313,1.3052146801023483,0.2282,False,LOW,NORMAL,Multi-factor anomaly (risk score > threshold)
T0884,2026-07-23 03:19:58,158.76,178.385,JPMorgan Chase,GOOGL,BUY,Bob Wilson,Equities,CME,-0.4153422016965477,0.005908661414352501,11,-0.4153422016965478,-0.11475472264111274,0.7641615901362532,3.4679094791029246,0.1077,False,LOW,NORMAL,Multi-factor anomaly (risk score > threshold)
T0883,2026-07-23 03:17:59,3798943.51,1.093,Goldman Sachs,EURUSD,SELL,Jane Doe,FX,NYSE,0.13646487733739915,0.004725662639452579,10,0.13646487733739915,-0.17023502631576648,0.40757662040398396,3.0560036497267955,0.1236,False,LOW,NORMAL,Multi-factor anomaly (risk score > threshold)
T0882,2026-07-23 03:17:10,312.1,151.2853,Morgan Stanley,AAPL,SELL,Bob Wilson,Equities,CME,-0.07537825667079354,0.006227595324114226,6,-0.07537825667079358,-0.09979735282708059,-1.018763258525093,1.8320195812655515,0.1076,False,LOW,NORMAL,Multi-factor anomaly (risk score > threshold)
T0881,2026-07-23 03:16:14,3717913.74,0.0067,Goldman Sachs,JPYUSD,SELL,Bob Wilson,FX,CME,0.1081755244755425,0.003169293071573326,9,0.10817552447554249,-0.2432256820019783,0.05099165067171474,2.7442209977116887,0.0765,False,LOW,NORMAL,Multi-factor anomaly (risk score > threshold)
T0880,2026-07-23 03:14:19,2674364.96,1.2734,JPMorgan Chase,GBPUSD,BUY,John Smith,FX,CBOE,-0.09988987210240854,0.0031525584448740046,11,-0.09988987210240859,-0.2440105029086938,0.7641615901362532,3.3409017163744252,0.0446,False,LOW,NORMAL,Multi-factor anomaly (risk score > threshold)
T0879,2026-07-23 03:13:03,265.38,150.8866,Morgan Stanley,AAPL,BUY,Bob Wilson,Equities,CBOE,-0.2039287649983489,0.0035757650256269054,5,-0.20392876499834894,-0.22416295097926,-1.3753482282573621,1.5826442355070276,0.096,False,LOW,NORMAL,Multi-factor anomaly (risk score > threshold)
T0878,2026-07-23 03:12:09,1304527.2,1.0993,Bank of America,EURUSD,SELL,John Smith,FX,CBOE,-0.530692894532479,0.0010110512904389318,10,-0.5306928945324791,-0.34444295454800555,0.40757662040398396,3.2125804732001235,0.1191,False,LOW,NORMAL,Multi-factor anomaly (risk score > threshold)
T0877,2026-07-23 03:11:12,228.43,182.1469,JPMorgan Chase,GOOGL,BUY,Alice Johnson,Equities,CBOE,-0.2532338518955864,0.015055389411811945,10,-0.2532338518955865,0.3142087367432279,0.40757662040398396,3.1058101575817783,0.2315,False,LOW,NORMAL,Multi-factor anomaly (risk score > threshold)
T0876,2026-07-23 03:09:26,2542838.38,0.0067,Citigroup,JPYUSD,BUY,John Smith,FX,CME,-0.22459478295891633,0.003169293071573326,11,-0.22459478295891638,-0.2432256820019783,0.7641615901362532,3.390788701105038,0.0386,False,LOW,NORMAL,Multi-factor anomaly (risk score > threshold)
T0875,2026-07-23 03:08:45,1953382.68,1.2712,Morgan Stanley,GBPUSD,SELL,Jane Doe,FX,CME,-0.2730822548244489,0.0014194536635180268,5,-0.27308225482444903,-0.3252896906895589,-1.3753482282573621,1.609658738028835,0.1289,False,LOW,NORMAL,Multi-factor anomaly (risk score > threshold)
T0874,2026-07-23 03:06:49,303.36,184.4826,JPMorgan Chase,GOOGL,SELL,Jane Doe,Equities,CME,-0.07888651946288897,0.028071613531185768,9,-0.07888651946288901,0.9246439139912377,0.05099165067171474,2.739976091844511,0.5067,False,LOW,NORMAL,Multi-factor anomaly (risk score > threshold)
T0873,2026-07-23 03:05:24,241.39,421.9044,JPMorgan Chase,MSFT,BUY,John Smith,Equities,NYSE,-0.26841447872822893,0.0047549267260651815,8,-0.26841447872822904,-0.16886259851070312,-0.3055933190605545,2.508792269509111,0.0271,False,LOW,NORMAL,Multi-factor anomaly (risk score > threshold)
T0872,2026-07-23 03:04:06,112.14,170.3081,UBS,AAPL,BUY,John Smith,Equities,NASDAQ,-0.6255700298980615,0.13275189279605332,6,-0.6255700298980617,5.833942051560082,-1.018763258525093,2.0900535797980404,0.8628,True,HIGH,PRICE_ANOMALY,Price 13.3% away from average
T0871,2026-07-23 03:02:40,2792203.39,1.0927,Bank of America,EURUSD,BUY,Alice Johnson,FX,CME,-0.13279831366186656,0.004998839493256908,13,-0.13279831366186662,-0.1574235719613587,1.4773315296007916,3.9546189773127236,0.1526,False,LOW,NORMAL,Multi-factor anomaly (risk score > threshold)
T0870,2026-07-23 03:02:02,208.45,181.8846,Citigroup,GOOGL,SELL,Alice Johnson,Equities,CME,-0.29972337147393013,0.013593662483477178,10,-0.29972337147393024,0.245656633736788,0.40757662040398396,3.123967447334615,0.1994,False,LOW,NORMAL,Multi-factor anomaly (risk score > threshold)
T0869,2026-07-23 03:00:53,200.82,149.7171,Morgan Stanley,AAPL,BUY,Alice Johnson,Equities,CME,-0.38156619688248783,0.00420280415942644,5,-0.38156619688248794,-0.19475605530260723,-1.3753482282573621,1.653887320000823,0.1235,False,LOW,NORMAL,Multi-factor anomaly (risk score > threshold)
T0868,2026-07-23 03:00:02,226.09,416.5398,Bank of America,MSFT,SELL,John Smith,Equities,NASDAQ,-0.30416355060728695,0.00802073591199843,12,-0.30416355060728706,-0.01570260441486961,1.1207465598685225,3.724071641016514,0.1385,False,LOW,NORMAL,Multi-factor anomaly (risk score > threshold)
T0867,2026-07-23 02:58:39,174.54,147.478,JPMorgan Chase,AAPL,BUY,Alice Johnson,Equities,NASDAQ,-0.45387585781673767,0.019095488436684065,7,-0.4538758578167378,0.5036813934622002,-0.6621782887928237,2.2872789896577004,0.4065,False,LOW,NORMAL,Multi-factor anomaly (risk score > threshold)
T0866,2026-07-23 02:58:02,3303267.96,0.0067,Bank of America,JPYUSD,SELL,Bob Wilson,FX,CBOE,-0.00924826669900908,0.003169293071573326,11,-0.009248266699009109,-0.2432256820019783,0.7641615901362532,3.3046500946010755,0.0611,False,LOW,NORMAL,Multi-factor anomaly (risk score > threshold)
T0865,2026-07-23 02:57:14,339.83,181.7924,Goldman Sachs,GOOGL,SELL,Bob Wilson,Equities,NYSE,0.005971977985669275,0.013079856830436753,12,0.0059719779856692475,0.22156016443752938,1.1207465598685225,3.6063127482433983,0.3197,False,LOW,NORMAL,Multi-factor anomaly (risk score > threshold)
T0864,2026-07-23 02:55:50,2374456.5,0.0067,UBS,JPYUSD,SELL,Alice Johnson,FX,CBOE,-0.2722789501888309,0.003169293071573326,5,-0.272278950188831,-0.2432256820019783,-1.3753482282573621,1.6098623679970043,0.0884,False,LOW,NORMAL,Multi-factor anomaly (risk score > threshold)
T0863,2026-07-23 02:54:27,365.09,181.6162,JPMorgan Chase,GOOGL,BUY,Alice Johnson,Equities,NASDAQ,0.06474701625138307,0.012097941905646071,6,0.06474701625138306,0.17551029577670138,-1.018763258525093,1.8295281890722468,0.2882,False,LOW,NORMAL,Multi-factor anomaly (risk score > threshold)
T0862,2026-07-23 02:53:48,3216953.11,1.2705,Citigroup,GBPUSD,BUY,Jane Doe,FX,CME,0.030449162769910144,0.0008680112330864599,12,0.03044916276991012,-0.3511512504380215,1.1207465598685225,3.6124400684778895,0.1742,False,LOW,NORMAL,Multi-factor anomaly (risk score > threshold)
T0861,2026-07-23 02:52:05,2573435.3,1.2666,Citigroup,GBPUSD,BUY,Alice Johnson,FX,CME,-0.1241349177680599,0.002204310879317359,12,-0.12413491776805995,-0.2884814389840793,1.1207465598685225,3.650315260371019,0.1095,False,LOW,NORMAL,Multi-factor anomaly (risk score > threshold)
T0860,2026-07-23 02:50:14,1000000.0,0.9689,Citigroup,EURUSD,SELL,Bob Wilson,FX,CBOE,-0.6121418841864044,0.11772982116318902,12,-0.6121418841864045,5.129436591624827,1.1207465598685225,3.880175700023518,0.9361,True,HIGH,PRICE_ANOMALY,Price 11.8% away from average
T0859,2026-07-23 02:49:34,1891058.76,1.0991,Goldman Sachs,EURUSD,SELL,Alice Johnson,FX,NASDAQ,-0.37381888471614494,0.0008289333879027127,12,-0.37381888471614505,-0.3529839241176107,1.1207465598685225,3.7497762339028284,0.1442,False,LOW,NORMAL,Multi-factor anomaly (risk score > threshold)
T0858,2026-07-23 02:49:01,300.32,180.8695,Goldman Sachs,GOOGL,BUY,Bob Wilson,Equities,NASDAQ,-0.08595999991925363,0.007936784843550565,11,-0.08595999991925367,-0.019639743548165136,0.7641615901362532,3.3367650354207665,0.0957,False,LOW,NORMAL,Multi-factor anomaly (risk score > threshold)
T0857,2026-07-23 02:47:35,207.29,419.5833,Bank of America,MSFT,SELL,Jane Doe,Equities,CME,-0.34809051474626024,0.000772715698199346,11,-0.34809051474626035,-0.3556204226185446,0.7641615901362532,3.4394680206079635,0.1158,False,LOW,NORMAL,Multi-factor anomaly (risk score > threshold)
T0856,2026-07-23 02:46:13,3062186.31,1.0994,Citigroup,EURUSD,SELL,Alice Johnson,FX,CBOE,-0.060588553555654165,0.0011021102417070414,12,-0.0605885535556542,-0.340172469763203,1.1207465598685225,3.6245660544947733,0.1296,False,LOW,NORMAL,Multi-factor anomaly (risk score > threshold)
T0855,2026-07-23 02:45:02,1783385.13,0.0067,UBS,JPYUSD,BUY,Jane Doe,FX,CME,-0.43966481173102745,0.003169293071573326,6,-0.43966481173102756,-0.2432256820019783,-1.018763258525093,1.976816712613883,0.101,False,LOW,NORMAL,Multi-factor anomaly (risk score > threshold)
T0854,2026-07-23 02:43:36,7925018.89,0.0067,Citigroup,JPYUSD,SELL,Bob Wilson,FX,NYSE,1.2995881962335432,0.003169293071573326,11,1.2995881962335434,-0.2432256820019783,0.7641615901362532,3.820786066414889,0.3729,False,LOW,NORMAL,Multi-factor anomaly (risk score > threshold)
T0853,2026-07-23 02:41:45,2638408.98,0.0067,Bank of America,JPYUSD,SELL,Alice Johnson,FX,CBOE,-0.19753008649238868,0.003169293071573326,10,-0.19753008649238873,-0.2432256820019783,0.40757662040398396,3.0799628225184277,0.0169,False,LOW,NORMAL,Multi-factor anomaly (risk score > threshold)
T0852,2026-07-23 02:39:55,261.02,179.2481,JPMorgan Chase,GOOGL,SELL,Alice Johnson,Equities,NASDAQ,-0.1774033492400198,0.0010988386471171663,7,-0.17740334924001985,-0.3403259010813055,-0.6621782887928237,2.1712909912901432,0.0527,False,LOW,NORMAL,Multi-factor anomaly (risk score > threshold)
T0851,2026-07-23 02:39:39,1984739.43,1.0955,Morgan Stanley,EURUSD,BUY,Bob Wilson,FX,NYSE,-0.3487630081914772,0.002449188857749637,6,-0.3487630081914773,-0.2769971459358406,-1.018763258525093,1.9402399599339155,0.0933,False,LOW,NORMAL,Multi-factor anomaly (risk score > threshold)
T0850,2026-07-23 02:37:58,3153059.98,1.1031,Morgan Stanley,EURUSD,SELL,Alice Johnson,FX,CME,-0.0362834385851549,0.004471291438627501,5,-0.03628343858515493,-0.18216453272548827,-1.3753482282573621,1.5158547628656502,0.1382,False,LOW,NORMAL,Multi-factor anomaly (risk score > threshold)
T0849,2026-07-23 02:37:08,19236919.15,1.0984,JPMorgan Chase,EURUSD,BUY,Bob Wilson,FX,CME,4.265513179689084,0.00019152072902594555,7,4.265513179689085,-0.3828773176112288,-0.6621782887928237,3.8062627280943415,0.6936,False,LOW,NORMAL,4.27x normal quantity for EURUSD
T0848,2026-07-23 02:36:28,235.11,417.0368,Citigroup,MSFT,BUY,Alice Johnson,Equities,CBOE,-0.2830879539831625,0.0068371426653224794,12,-0.2830879539831626,-0.07121078764050837,1.1207465598685225,3.7152863243928613,0.1177,False,LOW,NORMAL,Multi-factor anomaly (risk score > threshold)
T0847,2026-07-23 02:34:29,363.9,150.8237,Citigroup,AAPL,BUY,Bob Wilson,Equities,NYSE,0.0671499182300489,0.0031574050412406397,11,0.06714991823004889,-0.24378320712114565,0.7641615901362532,3.3278071888043916,0.0966,False,LOW,NORMAL,Multi-factor anomaly (risk score > threshold)
T0846,2026-07-23 02:33:23,2216236.09,1.1005,Citigroup,EURUSD,BUY,Alice Johnson,FX,CBOE,-0.2868468014774028,0.0021037587056564493,10,-0.28684680147740294,-0.29319713713036505,0.40757662040398396,3.115369848202658,0.0368,False,LOW,NORMAL,Multi-factor anomaly (risk score > threshold)
T0845,2026-07-23 02:31:51,3010161.59,0.0067,Goldman Sachs,JPYUSD,SELL,Alice Johnson,FX,NYSE,-0.09225323827453276,0.003169293071573326,14,-0.0922532382745328,-0.2432256820019783,1.8339164993330608,4.237852083231285,0.2186,False,LOW,NORMAL,Multi-factor anomaly (risk score > threshold)
T0844,2026-07-23 02:30:45,2607845.31,1.2634,Goldman Sachs,GBPUSD,BUY,Jane Doe,FX,CBOE,-0.11586903969212539,0.004725190561289611,13,-0.11586903969212543,-0.1702571658482794,1.4773315296007916,3.9477651730452368,0.1607,False,LOW,NORMAL,Multi-factor anomaly (risk score > threshold)
T0843,2026-07-23 02:29:52,2915730.48,1.2737,Goldman Sachs,GBPUSD,SELL,Jane Doe,FX,CBOE,-0.04190970993289684,0.003388890915058887,13,-0.041909709932896874,-0.23292697730221334,1.4773315296007916,3.9177805512476764,0.1808,False,LOW,NORMAL,Multi-factor anomaly (risk score > threshold)
T0842,2026-07-23 02:28:52,3570479.02,1.2684,JPMorgan Chase,GBPUSD,BUY,Jane Doe,FX,NASDAQ,0.11537218571421555,0.0007863160582078907,7,0.11537218571421554,-0.35498259262297044,-0.6621782887928237,2.1463847691031486,0.1232,False,LOW,NORMAL,Multi-factor anomaly (risk score > threshold)
T0841,2026-07-23 02:27:13,230.29,148.0849,Goldman Sachs,AAPL,SELL,Bob Wilson,Equities,NYSE,-0.30047922170241387,0.015058879938685907,12,-0.300479221702414,0.31437243555261035,1.1207465598685225,3.724709352662571,0.3341,False,LOW,NORMAL,Multi-factor anomaly (risk score > threshold)
T0840,2026-07-23 02:26:35,215.3,179.6659,Bank of America,GOOGL,BUY,Jane Doe,Equities,CME,-0.28378477241929273,0.0012294477068984923,9,-0.28378477241929284,-0.33420059440045796,0.05099165067171474,2.8138827432797866,0.0337,False,LOW,NORMAL,Multi-factor anomaly (risk score > threshold)
T0839,2026-07-23 02:25:16,1836622.7,1.0983,JPMorgan Chase,EURUSD,BUY,Jane Doe,FX,CME,-0.38837837919723056,0.00010046177775783596,6,-0.38837837919723067,-0.38714780239603147,-1.018763258525093,1.9553814902122193,0.1658,False,LOW,NORMAL,Multi-factor anomaly (risk score > threshold)
T0838,2026-07-23 02:23:27,1371023.45,1.2716,Bank of America,GBPUSD,SELL,Jane Doe,FX,NYSE,-0.4129749892809362,0.0017345636237645363,8,-0.4129749892809363,-0.3105116565475849,-0.3055933190605545,2.5657103647995037,0.0632,False,LOW,NORMAL,Multi-factor anomaly (risk score > threshold)
T0837,2026-07-23 02:22:24,3406511.51,1.2699,Goldman Sachs,GBPUSD,BUY,Jane Doe,FX,CME,0.07598436089014356,0.0003953462927166954,11,0.07598436089014354,-0.3733183016509824,0.7641615901362532,3.330512348243872,0.1657,False,LOW,NORMAL,Multi-factor anomaly (risk score > threshold)
T0836,2026-07-23 02:20:42,298.42,150.0233,UBS,AAPL,BUY,Alice Johnson,Equities,NYSE,-0.11301890208862224,0.0021662091320955486,9,-0.11301890208862228,-0.29026833559906506,0.05099165067171474,2.7458574235750772,0.0325,False,LOW,NORMAL,Multi-factor anomaly (risk score > threshold)
T0835,2026-07-23 02:19:43,240.75,178.5447,JPMorgan Chase,GOOGL,BUY,Bob Wilson,Equities,NYSE,-0.22456764162505613,0.005018696525084105,5,-0.22456764162505619,-0.15649231642735079,-1.3753482282573621,1.5913326656075477,0.1288,False,LOW,NORMAL,Multi-factor anomaly (risk score > threshold)
T0834,2026-07-23 02:18:41,214.81,424.1471,Bank of America,MSFT,BUY,Bob Wilson,Equities,CME,-0.3305197290906709,0.010095861483248468,7,-0.330519729090671,0.08161668221391918,-0.6621782887928237,2.235236650081243,0.1235,False,LOW,NORMAL,Multi-factor anomaly (risk score > threshold)
T0833,2026-07-23 02:17:12,3388190.06,1.2678,Bank of America,GBPUSD,SELL,Bob Wilson,FX,NYSE,0.07158323250121466,0.001258980998577655,6,0.07158323250121465,-0.33281554141000946,-1.018763258525093,1.829010987300059,0.1281,False,LOW,NORMAL,Multi-factor anomaly (risk score > threshold)
T0832,2026-07-23 02:15:17,2938512.46,1.0988,Goldman Sachs,EURUSD,SELL,John Smith,FX,NASDAQ,-0.09366642025889489,0.0005557565340983839,10,-0.09366642025889493,-0.3657953784720185,0.40757662040398396,3.0376332950637877,0.0743,False,LOW,NORMAL,Multi-factor anomaly (risk score > threshold)
T0831,2026-07-23 02:13:21,2969849.57,1.2715,UBS,GBPUSD,SELL,Bob Wilson,FX,CME,-0.028909370801332438,0.001655786133702909,10,-0.02890937080133247,-0.31420616508307836,0.40757662040398396,3.012060484160644,0.0769,False,LOW,NORMAL,Multi-factor anomaly (risk score > threshold)
T0830,2026-07-23 02:12:36,251.66,133.101,Citigroup,AAPL,SELL,John Smith,Equities,CBOE,-0.2416794707828964,0.11471967755469355,15,-0.24167947078289645,4.988266807642781,2.19050146906533,4.631087691579567,0.9238,True,HIGH,PRICE_ANOMALY,Price 11.5% away from average
T0829,2026-07-23 02:11:14,323.7,418.1739,Bank of America,MSFT,BUY,Jane Doe,Equities,CME,-0.07609381818147945,0.004129167050040477,6,-0.07609381818147949,-0.1982094901472904,-1.018763258525093,1.8316762773876039,0.0776,False,LOW,NORMAL,Multi-factor anomaly (risk score > threshold)
T0828,2026-07-23 02:10:32,2712378.25,1.1018,UBS,EURUSD,SELL,John Smith,FX,NYSE,-0.15414838354719423,0.003287525072141874,9,-0.1541483835471943,-0.23768083492793143,0.05099165067171474,2.76264561094052,0.0077,False,LOW,NORMAL,Multi-factor anomaly (risk score > threshold)
T0827,2026-07-23 02:09:38,2528219.74,1.0991,Bank of America,EURUSD,SELL,Bob Wilson,FX,NYSE,-0.203403506162423,0.0008289333879027127,5,-0.20340350616242306,-0.3529839241176107,-1.3753482282573621,1.58161008248134,0.1422,False,LOW,NORMAL,Multi-factor anomaly (risk score > threshold)
T0826,2026-07-23 02:08:48,1017196.77,1.2741,Morgan Stanley,GBPUSD,BUY,John Smith,FX,CBOE,-0.49797026236840913,0.0037040008753053966,8,-0.49797026236840924,-0.21814894316023936,-0.3055933190605545,2.6002993052099552,0.0689,False,LOW,NORMAL,Multi-factor anomaly (risk score > threshold)
T0825,2026-07-23 02:07:33,295.31,418.1599,Morgan Stanley,MSFT,BUY,Bob Wilson,Equities,NASDAQ,-0.14242820711262044,0.004162507704876442,8,-0.1424282071126205,-0.19664587935220093,-0.3055933190605545,2.458220035156511,0.0136,False,LOW,NORMAL,Multi-factor anomaly (risk score > threshold)
T0824,2026-07-23 02:05:38,355.52,418.3734,Bank of America,MSFT,BUY,Alice Johnson,Equities,CBOE,-0.001745094835621512,0.0036540627186283127,4,-0.0017450948356215407,-0.22049094397729974,-1.7319331979896313,1.201794256749837,0.2221,False,LOW,NORMAL,Multi-factor anomaly (risk score > threshold)
T0823,2026-07-23 02:04:52,137.8,151.1513,Bank of America,AAPL,BUY,John Smith,Equities,CBOE,-0.5549663046479529,0.0053363355799523945,3,-0.554966304647953,-0.14159567274780552,-2.0885181677219005,1.1235874225331668,0.4189,False,LOW,NORMAL,Multi-factor anomaly (risk score > threshold)
T0822,2026-07-23 02:03:18,229.49,181.5321,Goldman Sachs,GOOGL,SELL,Jane Doe,Equities,NYSE,-0.25076744094698555,0.011629275360953237,9,-0.25076744094698566,0.15353076141589128,0.05099165067171474,2.80379575898708,0.1409,False,LOW,NORMAL,Multi-factor anomaly (risk score > threshold)
T0821,2026-07-23 02:01:31,2693.54,423.4159,Goldman Sachs,MSFT,SELL,Jane Doe,Equities,CME,5.46113366560067,0.00835452671067416,8,5.461133665600671,-4.8475883839341896e-05,-0.3055933190605545,4.58695982425347,0.7793,True,MEDIUM,SIZE_ANOMALY,5.46x normal quantity for MSFT
T0820,2026-07-23 02:00:13,2163269.44,1.1,Citigroup,EURUSD,SELL,John Smith,FX,CBOE,-0.30101328686147716,0.0016484639493159012,15,-0.30101328686147727,-0.314549561054378,2.19050146906533,4.6208998539293855,0.3968,False,LOW,NORMAL,Multi-factor anomaly (risk score > threshold)
T0819,2026-07-23 01:59:22,3117087.09,1.2663,Citigroup,GBPUSD,BUY,Alice Johnson,FX,NASDAQ,0.0064596217831789015,0.002440643349502241,14,0.006459621783178874,-0.2773979133775989,1.8339164993330608,4.203316041718122,0.2965,False,LOW,NORMAL,Multi-factor anomaly (risk score > threshold)
T0818,2026-07-23 01:57:50,349.64,177.9391,Goldman Sachs,GOOGL,SELL,Jane Doe,Equities,CME,0.028797913274135334,0.008393541465227491,7,0.02879791327413531,0.001781238969917828,-0.6621782887928237,2.1140372277492223,0.1319,False,LOW,NORMAL,Multi-factor anomaly (risk score > threshold)
T0817,2026-07-23 01:56:08,264.82,421.3463,Morgan Stanley,MSFT,BUY,John Smith,Equities,NASDAQ,-0.21366933139971062,0.003425825335783778,9,-0.21366933139971067,-0.23119482599205013,0.05099165067171474,2.786495480160619,0.0102,False,LOW,NORMAL,Multi-factor anomaly (risk score > threshold)
T0816,2026-07-23 01:55:36,181.72,427.0799,Citigroup,MSFT,BUY,John Smith,Equities,CME,-0.4078358590565552,0.01708025237630905,13,-0.40783585905655534,0.40917080648785864,1.4773315296007916,4.068258419335515,0.479,False,LOW,NORMAL,Multi-factor anomaly (risk score > threshold)
T0815,2026-07-23 01:54:58,2313538.11,1.2724,UBS,GBPUSD,SELL,Jane Doe,FX,CBOE,-0.1865667067974142,0.0023647835442575558,11,-0.18656670679741424,-0.2809555882636369,0.7641615901362532,3.375336117782243,0.0617,False,LOW,NORMAL,Multi-factor anomaly (risk score > threshold)
T0814,2026-07-23 01:54:15,2977993.51,0.0067,Goldman Sachs,JPYUSD,BUY,Jane Doe,FX,NASDAQ,-0.10136293645693382,0.003169293071573326,6,-0.10136293645693387,-0.2432256820019783,-1.018763258525093,1.8414959625042453,0.0547,False,LOW,NORMAL,Multi-factor anomaly (risk score > threshold)
T0813,2026-07-23 01:53:29,1000000.0,0.0066,JPMorgan Chase,JPYUSD,SELL,Jane Doe,FX,NASDAQ,-0.661512124187382,0.01804736332423645,9,-0.6615121241873821,0.45452639790225674,0.05099165067171474,2.9700190586722233,0.4459,False,LOW,NORMAL,Multi-factor anomaly (risk score > threshold)
T0812,2026-07-23 01:52:54,2789786.99,0.0067,Citigroup,JPYUSD,SELL,Alice Johnson,FX,NYSE,-0.1546612555720325,0.003169293071573326,12,-0.15466125557203256,-0.2432256820019783,1.1207465598685225,3.662815290150285,0.0775,False,LOW,NORMAL,Multi-factor anomaly (risk score > threshold)
T0811,2026-07-23 01:52:07,199.96,417.5372,Bank of America,MSFT,SELL,Bob Wilson,Equities,NYSE,-0.3652173576791684,0.005645452402472224,3,-0.3652173576791685,-0.12709870491637643,-2.0885181677219005,1.047780578792409,0.3287,False,LOW,NORMAL,Multi-factor anomaly (risk score > threshold)
T0810,2026-07-23 01:50:49,2885.94,410.466,Citigroup,MSFT,BUY,Alice Johnson,Equities,CBOE,5.91068408583144,0.02248534086503703,11,5.9106840858314404,0.6626587703856844,0.7641615901362532,5.6710192365920875,1.0,True,HIGH,SIZE_ANOMALY,5.91x normal quantity for MSFT
T0809,2026-07-23 01:48:57,230.08,151.2438,Citigroup,AAPL,BUY,Alice Johnson,Equities,CME,-0.3010570386276875,0.005951570851108823,10,-0.3010570386276876,-0.11274235489208402,0.40757662040398396,3.1222082867064076,0.0518,False,LOW,NORMAL,Multi-factor anomaly (risk score > threshold)
T0808,2026-07-23 01:47:01,195.01,417.7495,UBS,MSFT,SELL,Jane Doe,Equities,NASDAQ,-0.37678323387533424,0.0051398651866385635,10,-0.37678323387533436,-0.150809745759041,0.40757662040398396,3.152255253106125,0.0535,False,LOW,NORMAL,Multi-factor anomaly (risk score > threshold)
T0807,2026-07-23 01:46:02,319.49,180.3293,Goldman Sachs,GOOGL,BUY,Bob Wilson,Equities,NASDAQ,-0.041355190594085975,0.004926396407841477,7,-0.04135519059408601,-0.16082100944248964,-0.6621782887928237,2.1180199951599867,0.0717,False,LOW,NORMAL,Multi-factor anomaly (risk score > threshold)
T0806,2026-07-23 01:45:22,2607138.26,0.0067,Morgan Stanley,JPYUSD,BUY,Jane Doe,FX,NASDAQ,-0.20638566074942777,0.003169293071573326,10,-0.20638566074942782,-0.2432256820019783,0.40757662040398396,3.083505052221243,0.0128,False,LOW,NORMAL,Multi-factor anomaly (risk score > threshold)
T0805,2026-07-23 01:44:29,2619123.95,1.2676,JPMorgan Chase,GBPUSD,BUY,Jane Doe,FX,NASDAQ,-0.11315971577439451,0.00141653597870091,9,-0.11315971577439456,-0.32542652433902247,0.05099165067171474,2.745688847103368,0.0353,False,LOW,NORMAL,Multi-factor anomaly (risk score > threshold)
T0804,2026-07-23 01:43:26,280.33,178.6863,Goldman Sachs,GOOGL,BUY,John Smith,Equities,NASDAQ,-0.13247278752541433,0.004229598038419249,7,-0.1324727875254144,-0.19349947535114556,-0.6621782887928237,2.1542579944216915,0.039,False,LOW,NORMAL,Multi-factor anomaly (risk score > threshold)
T0803,2026-07-23 01:41:35,219.27,419.1915,Citigroup,MSFT,SELL,John Smith,Equities,NYSE,-0.32009875781089314,0.001705777738536592,10,-0.32009875781089325,-0.3118616576531441,0.40757662040398396,3.1285512364459183,0.0608,False,LOW,NORMAL,Multi-factor anomaly (risk score > threshold)
T0802,2026-07-23 01:40:20,2555212.38,1.2695,Goldman Sachs,GBPUSD,BUY,John Smith,FX,CBOE,-0.12851237755105638,8.023633247018579e-05,6,-0.12851237755105643,-0.3880963357929564,-1.018763258525093,1.8514290219201635,0.1404,False,LOW,NORMAL,Multi-factor anomaly (risk score > threshold)
T0801,2026-07-23 01:38:35,2666676.73,1.1003,UBS,EURUSD,SELL,Alice Johnson,FX,NYSE,-0.1663717338083488,0.00192164080312023,9,-0.16637173380834885,-0.3017381066999702,0.05099165067171474,2.767125185764275,0.0339,False,LOW,NORMAL,Multi-factor anomaly (risk score > threshold)
T0800,2026-07-23 01:38:01,311.41,420.5307,JPMorgan Chase,MSFT,SELL,Jane Doe,Equities,NYSE,-0.1048099027170103,0.0014834940440557483,10,-0.10480990271701034,-0.32228632345447966,0.40757662040398396,3.0423690093000206,0.0518,False,LOW,NORMAL,Multi-factor anomaly (risk score > threshold)
T0799,2026-07-23 01:36:35,1821770.64,1.0997,Citigroup,EURUSD,BUY,Jane Doe,FX,CBOE,-0.3923507182240219,0.0013752870955113703,10,-0.392350718224022,-0.3273610154087952,0.40757662040398396,3.157352873418262,0.0615,False,LOW,NORMAL,Multi-factor anomaly (risk score > threshold)
T0798,2026-07-23 01:35:52,354.49,151.0072,Goldman Sachs,AAPL,BUY,John Smith,Equities,NYSE,0.04125821695945191,0.00437789879537263,5,0.041258216959451886,-0.18654446305060396,-1.3753482282573621,1.5178166564223925,0.157,False,LOW,NORMAL,Multi-factor anomaly (risk score > threshold)
T0797,2026-07-23 01:34:54,277.77,150.7012,UBS,AAPL,BUY,John Smith,Equities,NASDAQ,-0.16983756640720146,0.002342634006465904,9,-0.16983756640720152,-0.2819943577949393,0.05099165067171474,2.7686378167648202,0.0227,False,LOW,NORMAL,Multi-factor anomaly (risk score > threshold)
T0796,2026-07-23 01:34:07,1208242.48,1.0936,JPMorgan Chase,EURUSD,SELL,John Smith,FX,CBOE,-0.556445251507853,0.004179308931843921,9,-0.5564452515078531,-0.195857935024582,0.05099165067171474,2.923831893282694,0.1249,False,LOW,NORMAL,Multi-factor anomaly (risk score > threshold)
T0795,2026-07-23 01:33:06,3056844.19,1.0979,Citigroup,EURUSD,SELL,Bob Wilson,FX,CME,-0.06201735950996642,0.0002637740273146024,9,-0.06201735950996645,-0.3794887807711217,0.05099165067171474,2.7248860760121807,0.0843,False,LOW,NORMAL,Multi-factor anomaly (risk score > threshold)
T0794,2026-07-23 01:31:15,2817159.14,1.0908,Morgan Stanley,EURUSD,BUY,Bob Wilson,FX,NASDAQ,-0.12612363690538653,0.006728959567351193,10,-0.12612363690538658,-0.07628436105010009,0.40757662040398396,3.05246814263236,0.061,False,LOW,NORMAL,Multi-factor anomaly (risk score > threshold)
T0793,2026-07-23 01:29:57,2028049.3,1.0984,Goldman Sachs,EURUSD,SELL,Bob Wilson,FX,NYSE,-0.337179329776075,0.00019152072902594555,5,-0.3371793297760751,-0.3828773176112288,-1.3753482282573621,1.6349291881291377,0.1851,False,LOW,NORMAL,Multi-factor anomaly (risk score > threshold)
T0792,2026-07-23 01:29:06,218.69,421.156,Citigroup,MSFT,SELL,Alice Johnson,Equities,CME,-0.32145395138539345,0.002972630577549568,9,-0.32145395138539357,-0.2524487641567133,0.05099165067171474,2.829473369727422,0.0233,False,LOW,NORMAL,Multi-factor anomaly (risk score > threshold)
T0791,2026-07-23 01:27:44,1919315.41,1.2698,UBS,GBPUSD,BUY,John Smith,FX,CME,-0.2812658008391098,0.00031656880265506804,11,-0.2812658008391099,-0.37701281018647587,0.7641615901362532,3.4126012909764403,0.1208,False,LOW,NORMAL,Multi-factor anomaly (risk score > threshold)
T0790,2026-07-23 01:26:20,286.66,148.4811,UBS,AAPL,SELL,Jane Doe,Equities,CME,-0.14537664990394863,0.012423677620500286,10,-0.1453766499039487,0.19078665680194512,0.40757662040398396,3.0618777632477294,0.1762,False,LOW,NORMAL,Multi-factor anomaly (risk score > threshold)
T0789,2026-07-23 01:25:15,172.7,416.4935,Citigroup,MSFT,BUY,Alice Johnson,Equities,CME,-0.4289114556806797,0.008130998220491651,8,-0.4289114556806798,-0.010531520142538196,-0.3055933190605545,2.5740038817384194,0.0987,False,LOW,NORMAL,Multi-factor anomaly (risk score > threshold)
T0788,2026-07-23 01:24:07,360.02,150.6471,Citigroup,AAPL,BUY,Jane Doe,Equities,NYSE,0.056474062658325566,0.0019828045127408696,7,0.056474062658325545,-0.2988696496435303,-0.6621782887928237,2.1231844664171526,0.0836,False,LOW,NORMAL,Multi-factor anomaly (risk score > threshold)
T0787,2026-07-23 01:22:29,2815524.72,1.0981,Citigroup,EURUSD,BUY,John Smith,FX,NASDAQ,-0.1265607796554271,8.165612477838323e-05,6,-0.12656077965542717,-0.38802975034072684,-1.018763258525093,1.8506488086996042,0.1404,False,LOW,NORMAL,Multi-factor anomaly (risk score > threshold)
T0786,2026-07-23 01:20:39,264.96,133.7512,Citigroup,AAPL,SELL,John Smith,Equities,CME,-0.20508439884889632,0.11039507243787286,5,-0.20508439884889637,4.785451377699102,-1.3753482282573621,1.6151522812709205,0.7978,True,MEDIUM,PRICE_ANOMALY,Price 11.0% away from average
T0785,2026-07-23 01:18:42,330.06,421.8604,UBS,MSFT,SELL,Jane Doe,Equities,CME,-0.061233419674890585,0.00465014181086655,9,-0.06123341967489062,-0.1737768038666932,0.05099165067171474,2.7258884104132157,0.0503,False,LOW,NORMAL,Multi-factor anomaly (risk score > threshold)
T0784,2026-07-23 01:17:49,2580583.28,1.2715,Morgan Stanley,GBPUSD,SELL,Alice Johnson,FX,NYSE,-0.1224178496483698,0.001655786133702909,11,-0.12241784964836984,-0.31420616508307836,0.7641615901362532,3.349463875699459,0.0774,False,LOW,NORMAL,Multi-factor anomaly (risk score > threshold)
T0783,2026-07-23 01:16:13,2064987.75,1.2656,Morgan Stanley,GBPUSD,BUY,Jane Doe,FX,NYSE,-0.24627279149455944,0.002992085779933633,11,-0.2462727914945595,-0.2515363536291444,0.7641615901362532,3.3994067423318035,0.0525,False,LOW,NORMAL,Multi-factor anomaly (risk score > threshold)
T0782,2026-07-23 01:14:38,245.32,180.7069,UBS,GOOGL,BUY,Bob Wilson,Equities,NYSE,-0.21393415291269224,0.007030659038948025,8,-0.2139341529126923,-0.06213525231235784,-0.3055933190605545,2.487682858876761,0.0523,False,LOW,NORMAL,Multi-factor anomaly (risk score > threshold)
T0781,2026-07-23 01:12:57,255.42,148.7216,Morgan Stanley,AAPL,BUY,Bob Wilson,Equities,CBOE,-0.23133379631132947,0.010824065915493609,12,-0.23133379631132953,0.11576803037707092,1.1207465598685225,3.6957807382991796,0.1871,False,LOW,NORMAL,Multi-factor anomaly (risk score > threshold)
T0780,2026-07-23 01:11:15,298.07,421.3252,Bank of America,MSFT,BUY,John Smith,Equities,CBOE,-0.13597935493051588,0.003375576205995348,8,-0.13597935493051594,-0.2335514108332179,-0.3055933190605545,2.455404414834005,0.0111,False,LOW,NORMAL,Multi-factor anomaly (risk score > threshold)
T0779,2026-07-23 01:09:20,2340623.98,1.1039,JPMorgan Chase,EURUSD,SELL,Bob Wilson,FX,NASDAQ,-0.2535779572963785,0.005199763048772579,13,-0.2535779572963786,-0.14800065444705815,1.4773315296007916,4.002991111833183,0.1506,False,LOW,NORMAL,Multi-factor anomaly (risk score > threshold)
T0778,2026-07-23 01:08:36,160.35,151.4824,Morgan Stanley,AAPL,BUY,John Smith,Equities,CME,-0.49291977291023104,0.00753854529108649,11,-0.49291977291023115,-0.03831639121234739,0.7641615901362532,3.499429472751418,0.1498,False,LOW,NORMAL,Multi-factor anomaly (risk score > threshold)
T0777,2026-07-23 01:07:04,279.27,180.8764,Morgan Stanley,GOOGL,BUY,John Smith,Equities,CBOE,-0.13493919847401517,0.007975236676587213,10,-0.13493919847401523,-0.017836428600606708,0.40757662040398396,3.056368250392582,0.0771,False,LOW,NORMAL,Multi-factor anomaly (risk score > threshold)
T0776,2026-07-23 01:05:49,2258511.73,0.0067,UBS,JPYUSD,BUY,Alice Johnson,FX,NYSE,-0.3051134202761942,0.003169293071573326,8,-0.3051134202761943,-0.2432256820019783,-0.3055933190605545,2.5229961560319496,0.0201,False,LOW,NORMAL,Multi-factor anomaly (risk score > threshold)
T0775,2026-07-23 01:04:33,3343627.8,0.0067,UBS,JPYUSD,SELL,Jane Doe,FX,NYSE,0.002181260990862246,0.003169293071573326,7,0.0021812609908622178,-0.2432256820019783,-0.6621782887928237,2.101823292317817,0.055,False,LOW,NORMAL,Multi-factor anomaly (risk score > threshold)
T0774,2026-07-23 01:03:38,3006046.41,0.0067,JPMorgan Chase,JPYUSD,SELL,John Smith,FX,NYSE,-0.09341861860703163,0.003169293071573326,12,-0.09341861860703167,-0.2432256820019783,1.1207465598685225,3.6383182353642844,0.0797,False,LOW,NORMAL,Multi-factor anomaly (risk score > threshold)
T0773,2026-07-23 01:03:06,260.6,417.7673,JPMorgan Chase,MSFT,SELL,Jane Doe,Equities,CME,-0.22352953292452263,0.005097474925490091,11,-0.22352953292452268,-0.15279776519850669,0.7641615901362532,3.3909410556474557,0.0705,False,LOW,NORMAL,Multi-factor anomaly (risk score > threshold)
T0772,2026-07-23 01:02:35,312.66,178.9001,UBS,GOOGL,BUY,Alice Johnson,Equities,CBOE,-0.05724725359308931,0.003038148487225865,7,-0.057247253593089346,-0.2493761037262095,-0.6621782887928237,2.1238103459834035,0.0423,False,LOW,NORMAL,Multi-factor anomaly (risk score > threshold)
T0771,2026-07-23 01:00:59,1004.75,148.737,Citigroup,AAPL,BUY,John Smith,Equities,CBOE,1.830454568523581,0.010721637556836217,6,1.8304545685235811,0.11096434286379417,-1.018763258525093,2.5353983186764832,0.5612,False,LOW,NORMAL,Multi-factor anomaly (risk score > threshold)
T0770,2026-07-23 00:59:25,1824496.46,1.2663,JPMorgan Chase,GBPUSD,BUY,Jane Doe,FX,CBOE,-0.30404294853503094,0.002440643349502241,10,-0.30404294853503105,-0.2773979133775989,0.40757662040398396,3.122349372418863,0.0423,False,LOW,NORMAL,Multi-factor anomaly (risk score > threshold)
T0769,2026-07-23 00:57:58,288.62,422.7549,JPMorgan Chase,MSFT,BUY,John Smith,Equities,NASDAQ,-0.158059664032287,0.006780371507348642,10,-0.15805966403228705,-0.07387324270908333,0.40757662040398396,3.0652579770651194,0.056,False,LOW,NORMAL,Multi-factor anomaly (risk score > threshold)
T0768,2026-07-23 00:56:25,204.44,179.4177,Morgan Stanley,GOOGL,BUY,Jane Doe,Equities,CME,-0.3090538506285426,0.0001537037365353997,9,-0.30905385062854274,-0.38465085979229746,0.05099165067171474,2.8236676513723773,0.085,False,LOW,NORMAL,Multi-factor anomaly (risk score > threshold)
T0767,2026-07-23 00:54:47,2812729.06,1.2691,Bank of America,GBPUSD,SELL,John Smith,FX,NYSE,-0.06665242809450493,0.00023487362777649878,8,-0.06665242809450497,-0.3808441523714248,-0.3055933190605545,2.4267314333261347,0.0771,False,LOW,NORMAL,Multi-factor anomaly (risk score > threshold)
T0766,2026-07-23 00:53:58,2289246.01,1.0993,Goldman Sachs,EURUSD,SELL,Jane Doe,FX,NASDAQ,-0.26731953357255256,0.0010110512904389318,9,-0.26731953357255267,-0.34444295454800555,0.05099165067171474,2.807231128816152,0.0384,False,LOW,NORMAL,Multi-factor anomaly (risk score > threshold)
T0765,2026-07-23 00:53:01,2406265.2,0.0067,Goldman Sachs,JPYUSD,SELL,Jane Doe,FX,CBOE,-0.2632710250476804,0.003169293071573326,8,-0.2632710250476805,-0.2432256820019783,-0.3055933190605545,2.506259197940544,0.0035,False,LOW,NORMAL,Multi-factor anomaly (risk score > threshold)
T0764,2026-07-23 00:51:13,2707450.57,1.1039,Morgan Stanley,EURUSD,BUY,John Smith,FX,NASDAQ,-0.15546634318212296,0.005199763048772579,8,-0.15546634318212302,-0.14800065444705815,-0.3055933190605545,2.463746466187481,0.0173,False,LOW,NORMAL,Multi-factor anomaly (risk score > threshold)
T0763,2026-07-23 00:50:39,2670275.86,1.2688,Morgan Stanley,GBPUSD,BUY,Alice Johnson,FX,CBOE,-0.10087214447141699,0.00047120609796138103,7,-0.10087214447141703,-0.3697606267649444,-0.6621782887928237,2.140490219617955,0.0797,False,LOW,NORMAL,Multi-factor anomaly (risk score > threshold)
T0762,2026-07-23 00:48:46,2442135.51,1.0979,JPMorgan Chase,EURUSD,BUY,John Smith,FX,NASDAQ,-0.22642763523409928,0.0002637740273146024,10,-0.22642763523409934,-0.3794887807711217,0.40757662040398396,3.090650186301834,0.0807,False,LOW,NORMAL,Multi-factor anomaly (risk score > threshold)
T0761,2026-07-23 00:47:32,2170630.55,1.0998,Bank of America,EURUSD,SELL,Jane Doe,FX,NYSE,-0.29904448088213803,0.001466346046779682,9,-0.29904448088213814,-0.32309053062398313,0.05099165067171474,2.820057696166889,0.0421,False,LOW,NORMAL,Multi-factor anomaly (risk score > threshold)
T0760,2026-07-23 00:45:57,1000000.0,1.2688,Bank of America,GBPUSD,SELL,Alice Johnson,FX,NASDAQ,-0.5021012232172983,0.00047120609796138103,8,-0.5021012232172984,-0.3697606267649444,-0.3055933190605545,2.6009818511163076,0.1165,False,LOW,NORMAL,Multi-factor anomaly (risk score > threshold)
T0759,2026-07-23 00:44:32,2620663.29,1.2665,Goldman Sachs,GBPUSD,SELL,Bob Wilson,FX,NASDAQ,-0.11278993974824958,0.0022830883693789866,8,-0.11278993974824962,-0.28478693044858583,-0.3055933190605545,2.4458009024101135,0.0204,False,LOW,NORMAL,Multi-factor anomaly (risk score > threshold)
T0758,2026-07-23 00:43:06,3285006.12,1.1025,Citigroup,EURUSD,SELL,Bob Wilson,FX,CME,-0.000993061266690725,0.003924937731018843,6,-0.0009930612666907536,-0.2077874414343038,-1.018763258525093,1.8015747058259817,0.109,False,LOW,NORMAL,Multi-factor anomaly (risk score > threshold)
T0757,2026-07-23 00:41:37,220.27,149.7972,JPMorgan Chase,AAPL,SELL,Bob Wilson,Equities,NASDAQ,-0.32804934356547255,0.003670043670565477,10,-0.32804934356547266,-0.2197414689268637,0.40757662040398396,3.1323207505273585,0.0331,False,LOW,NORMAL,Multi-factor anomaly (risk score > threshold)
T0756,2026-07-23 00:39:51,214.19,177.6442,JPMorgan Chase,GOOGL,BUY,Alice Johnson,Equities,NASDAQ,-0.2863675235069785,0.010036939372836829,9,-0.28636752350697864,0.07885335172858898,0.05099165067171474,2.817558091214642,0.0873,False,LOW,NORMAL,Multi-factor anomaly (risk score > threshold)
T0755,2026-07-23 00:39:24,2331713.42,0.0067,Bank of America,JPYUSD,SELL,Bob Wilson,FX,NASDAQ,-0.2843833890669431,0.003169293071573326,8,-0.2843833890669432,-0.2432256820019783,-0.3055933190605545,2.5147041435482493,0.01,False,LOW,NORMAL,Multi-factor anomaly (risk score > threshold)
T0754,2026-07-23 00:38:15,218.23,148.3613,Citigroup,AAPL,BUY,Bob Wilson,Equities,NYSE,-0.33366242226813125,0.013220490436549345,7,-0.33366242226813136,0.2281556025221109,-0.6621782887928237,2.237431116038217,0.2071,False,LOW,NORMAL,Multi-factor anomaly (risk score > threshold)
T0753,2026-07-23 00:36:29,3404956.12,1.095,UBS,EURUSD,BUY,John Smith,FX,CME,0.03108882274560227,0.0029044836140901848,8,0.031088822745602245,-0.25564472201182775,-0.3055933190605545,2.4133068741824677,0.0546,False,LOW,NORMAL,Multi-factor anomaly (risk score > threshold)
T0752,2026-07-23 00:35:50,138.7,419.2995,Goldman Sachs,MSFT,BUY,John Smith,Equities,NYSE,-0.508353837634142,0.0014485784012307494,8,-0.5083538376341421,-0.3239237980723977,-0.3055933190605545,2.603776108574026,0.0819,False,LOW,NORMAL,Multi-factor anomaly (risk score > threshold)
T0751,2026-07-23 00:34:30,2696661.05,1.2507,UBS,EURUSD,SELL,Alice Johnson,FX,NASDAQ,-0.15835211332958704,0.13887430351037203,7,-0.1583521133295871,6.1210710096438214,-0.6621782887928237,2.2050031363849465,0.8023,True,MEDIUM,PRICE_ANOMALY,Price 13.9% away from average
T0750,2026-07-23 00:33:46,271.72,420.1541,Morgan Stanley,MSFT,BUY,Alice Johnson,Equities,CBOE,-0.19754720094444908,0.0005866304289689362,9,-0.19754720094444914,-0.3643474538423565,0.05099165067171474,2.77919486950647,0.0555,False,LOW,NORMAL,Multi-factor anomaly (risk score > threshold)
T0749,2026-07-23 00:32:36,255.91,150.2008,JPMorgan Chase,AAPL,SELL,John Smith,Equities,NASDAQ,-0.22998555681902416,0.000985622530687409,9,-0.22998555681902422,-0.34563551310598345,0.05099165067171474,2.7922899094868154,0.034,False,LOW,NORMAL,Multi-factor anomaly (risk score > threshold)
T0748,2026-07-23 00:32:15,3963138.85,1.1009,UBS,EURUSD,BUY,Jane Doe,FX,CME,0.18038064101592372,0.0024679945107288874,6,0.18038064101592372,-0.2761151979911547,-1.018763258525093,1.8728926547595879,0.1473,False,LOW,NORMAL,Multi-factor anomaly (risk score > threshold)
T0747,2026-07-23 00:31:08,310.21,184.171,UBS,GOOGL,BUY,Alice Johnson,Equities,CME,-0.06294792040825169,0.026335151042168832,5,-0.06294792040825173,0.8432072563594876,-1.3753482282573621,1.5330797134759513,0.5762,False,LOW,NORMAL,Multi-factor anomaly (risk score > threshold)
T0746,2026-07-23 00:29:35,13058974.48,0.0067,Citigroup,JPYUSD,SELL,Alice Johnson,FX,CME,2.753476209032278,0.003169293071573326,6,2.7534762090322786,-0.2432256820019783,-1.018763258525093,2.9023412715343833,0.5291,False,LOW,NORMAL,2.75x normal quantity for JPYUSD
T0745,2026-07-23 00:27:53,3306507.55,0.0067,Bank of America,JPYUSD,SELL,Bob Wilson,FX,CME,-0.008330845232302852,0.003169293071573326,9,-0.008330845232302882,-0.2432256820019783,0.05099165067171474,2.704283126014393,0.0325,False,LOW,NORMAL,Multi-factor anomaly (risk score > threshold)
T0744,2026-07-23 00:26:02,1887037.19,1.273,Morgan Stanley,GBPUSD,SELL,John Smith,FX,CME,-0.28901958617739326,0.0028374484846273203,9,-0.2890195861773934,-0.25878853705067595,0.05099165067171474,2.816459069016345,0.0382,False,LOW,NORMAL,Multi-factor anomaly (risk score > threshold)
T0743,2026-07-23 00:24:07,2633034.38,1.0931,Bank of America,EURUSD,SELL,Bob Wilson,FX,NYSE,-0.17536973272957404,0.00463460368818447,8,-0.1753697327295741,-0.17450551110056906,-0.3055933190605545,2.4715382741982848,0.0222,False,LOW,NORMAL,Multi-factor anomaly (risk score > threshold)
T0742,2026-07-23 00:22:22,273.34,421.1599,JPMorgan Chase,MSFT,BUY,John Smith,Equities,CBOE,-0.19376200509843128,0.002981918331396693,9,-0.19376200509843133,-0.25201318686379726,0.05099165067171474,2.778399377538791,0.0112,False,LOW,NORMAL,Multi-factor anomaly (risk score > threshold)
T0741,2026-07-23 00:21:40,2111810.46,1.2689,Goldman Sachs,GBPUSD,BUY,John Smith,FX,CME,-0.23502516872302182,0.0003924286078997536,13,-0.23502516872302187,-0.3734551353004379,1.4773315296007916,3.9941277960715786,0.2067,False,LOW,NORMAL,Multi-factor anomaly (risk score > threshold)
T0740,2026-07-23 00:20:14,16010087.93,0.0067,Morgan Stanley,JPYUSD,SELL,Alice Johnson,FX,CME,3.5892038257108085,0.003169293071573326,9,3.589203825710809,-0.2432256820019783,0.05099165067171474,4.136632318205796,0.5573,False,LOW,NORMAL,3.59x normal quantity for JPYUSD
T0739,2026-07-23 00:18:29,394.63,180.5034,Bank of America,GOOGL,SELL,Bob Wilson,Equities,NYSE,0.13348077042276815,0.005896608600838484,8,0.13348077042276815,-0.11531997576569707,-0.3055933190605545,2.4551612907493587,0.1133,False,LOW,NORMAL,Multi-factor anomaly (risk score > threshold)
T0738,2026-07-23 00:17:21,294.18,150.2023,Morgan Stanley,AAPL,SELL,John Smith,Equities,NASDAQ,-0.12468530096081479,0.0009756457425063518,9,-0.12468530096081483,-0.3461034047468937,0.05099165067171474,2.7501668141070774,0.0438,False,LOW,NORMAL,Multi-factor anomaly (risk score > threshold)
T0737,2026-07-23 00:15:49,2438536.16,1.1036,Morgan Stanley,EURUSD,BUY,John Smith,FX,CBOE,-0.22739031909587196,0.004926586194968049,8,-0.227390319095872,-0.16081210880147537,-0.3055933190605545,2.492434103496839,0.0173,False,LOW,NORMAL,Multi-factor anomaly (risk score > threshold)
T0736,2026-07-23 00:14:03,1859.12,149.2484,Morgan Stanley,AAPL,SELL,John Smith,Equities,CME,4.181261456362052,0.007320217906356223,7,4.181261456362053,-0.04855551390827146,-0.6621782887928237,3.774700647916728,0.687,False,LOW,NORMAL,4.18x normal quantity for AAPL
T0735,2026-07-23 00:12:39,235.03,147.9514,JPMorgan Chase,AAPL,SELL,Bob Wilson,Equities,NYSE,-0.2874370682462364,0.015946814086787324,8,-0.2874370682462365,0.35601479159302896,-0.3055933190605545,2.5197588715245307,0.239,False,LOW,NORMAL,Multi-factor anomaly (risk score > threshold)
T0734,2026-07-23 00:11:51,300.79,420.6133,UBS,MSFT,SELL,Alice Johnson,Equities,NASDAQ,-0.12962396437423881,0.001680203907587699,9,-0.12962396437423887,-0.3130610197634631,0.05099165067171474,2.7523536469219714,0.0402,False,LOW,NORMAL,Multi-factor anomaly (risk score > threshold)
T0733,2026-07-23 00:11:02,346.31,147.0883,Goldman Sachs,AAPL,BUY,Jane Doe,Equities,NYSE,0.018750871965457834,0.021687458006085802,13,0.01875087196545781,0.6252396417689537,1.4773315296007916,3.914006586188009,0.55,False,LOW,NORMAL,Multi-factor anomaly (risk score > threshold)
T0732,2026-07-23 00:10:27,2187531.02,1.2698,JPMorgan Chase,GBPUSD,SELL,Bob Wilson,FX,CME,-0.21683578380853097,0.00031656880265506804,7,-0.21683578380853102,-0.37701281018647587,-0.6621782887928237,2.186829284164209,0.0867,False,LOW,NORMAL,Multi-factor anomaly (risk score > threshold)
T0731,2026-07-23 00:09:45,16549120.77,1.0981,JPMorgan Chase,EURUSD,BUY,John Smith,FX,CME,3.546633347462415,8.165612477838323e-05,6,3.5466333474624157,-0.38802975034072684,-1.018763258525093,3.2186778358223993,0.6297,False,LOW,NORMAL,3.55x normal quantity for EURUSD
T0730,2026-07-23 00:08:14,3860055.77,1.2687,Citigroup,GBPUSD,SELL,Jane Doe,FX,NYSE,0.18493351711532102,0.0005499835880230084,7,0.18493351711532102,-0.3660661182294509,-0.6621782887928237,2.1741384019225354,0.1678,False,LOW,NORMAL,Multi-factor anomaly (risk score > threshold)
T0729,2026-07-23 00:07:24,2844835.44,1.0994,Goldman Sachs,EURUSD,BUY,John Smith,FX,NYSE,-0.11872132055282779,0.0011021102417070414,13,-0.11872132055282783,-0.340172469763203,1.4773315296007916,3.9478191612936433,0.1867,False,LOW,NORMAL,Multi-factor anomaly (risk score > threshold)
T0728,2026-07-23 00:06:13,2540063.11,1.265,Citigroup,GBPUSD,BUY,Jane Doe,FX,NYSE,-0.13215149357454525,0.0034647507203035724,6,-0.1321514935745453,-0.22936930241617526,-1.018763258525093,1.853900022645909,0.0608,False,LOW,NORMAL,Multi-factor anomaly (risk score > threshold)
T0727,2026-07-23 00:05:00,1859067.86,0.0067,Bank of America,JPYUSD,BUY,John Smith,FX,NASDAQ,-0.41823217329192414,0.003169293071573326,9,-0.41823217329192425,-0.2432256820019783,0.05099165067171474,2.8682436572382413,0.0324,False,LOW,NORMAL,Multi-factor anomaly (risk score > threshold)
T0726,2026-07-23 00:03:14,1925642.51,1.0999,UBS,EURUSD,BUY,Jane Doe,FX,NASDAQ,-0.36456909850347186,0.0015574049980477916,9,-0.36456909850347197,-0.31882004583918055,0.05099165067171474,2.846294860900803,0.0474,False,LOW,NORMAL,Multi-factor anomaly (risk score > threshold)
T0725,2026-07-23 00:02:01,3503519.05,1.1012,UBS,EURUSD,SELL,Jane Doe,FX,NASDAQ,0.057450510850410474,0.0027411713645332163,8,0.057450510850410454,-0.2633037436367469,-0.3055933190605545,2.423802555749524,0.0589,False,LOW,NORMAL,Multi-factor anomaly (risk score > threshold)
T0724,2026-07-23 00:00:12,3746557.56,0.0067,Citigroup,JPYUSD,SELL,Alice Johnson,FX,NYSE,0.11628718532042419,0.003169293071573326,5,0.11628718532042417,-0.2432256820019783,-1.3753482282573621,1.5474656620496416,0.1455,False,LOW,NORMAL,Multi-factor anomaly (risk score > threshold)
T0723,2026-07-22 23:58:48,2977116.61,0.0067,JPMorgan Chase,JPYUSD,SELL,Jane Doe,FX,CBOE,-0.10161126630242497,0.003169293071573326,7,-0.10161126630242501,-0.2432256820019783,-0.6621782887928237,2.141595294442442,0.0293,False,LOW,NORMAL,Multi-factor anomaly (risk score > threshold)
T0722,2026-07-22 23:56:51,204.43,419.5386,Goldman Sachs,MSFT,SELL,John Smith,Equities,NYSE,-0.3547730209929338,0.0008791676461398976,17,-0.3547730209929339,-0.3506280367227943,2.9036714085298687,5.2421729586910155,0.5915,False,LOW,NORMAL,Multi-factor anomaly (risk score > threshold)
T0721,2026-07-22 23:55:43,281.92,419.2981,Goldman Sachs,MSFT,BUY,Alice Johnson,Equities,CME,-0.1737144863584104,0.001451912466714454,16,-0.17371448635841047,-0.3237674369928837,2.5470864387975993,4.869921368283379,0.469,False,LOW,NORMAL,Multi-factor anomaly (risk score > threshold)
T0720,2026-07-22 23:55:13,199.28,178.4241,UBS,GOOGL,BUY,Jane Doe,Equities,NYSE,-0.3210601529821089,0.005690767693811437,7,-0.321060152982109,-0.12497350734394645,-0.6621782887928237,2.230131291500987,0.0606,False,LOW,NORMAL,Multi-factor anomaly (risk score > threshold)
T0719,2026-07-22 23:54:03,340.91,418.343,Bank of America,MSFT,SELL,Bob Wilson,Equities,CBOE,-0.0358819536691533,0.0037264595691291805,9,-0.03588195366915334,-0.21709567482225225,0.05099165067171474,2.7154707193384,0.048,False,LOW,NORMAL,Multi-factor anomaly (risk score > threshold)
T0718,2026-07-22 23:52:41,185.27,177.663,Goldman Sachs,GOOGL,SELL,Jane Doe,Equities,CME,-0.3536586599537102,0.009932172059635556,15,-0.3536586599537103,0.07393997187147469,2.19050146906533,4.644443115599374,0.4687,False,LOW,NORMAL,Multi-factor anomaly (risk score > threshold)
T0717,2026-07-22 23:52:00,3951010.92,1.2659,JPMorgan Chase,GBPUSD,BUY,Bob Wilson,FX,CME,0.20678251338932177,0.002755753309748751,7,0.20678251338932177,-0.2626198792356249,-0.6621782887928237,2.1835397313486533,0.1344,False,LOW,NORMAL,Multi-factor anomaly (risk score > threshold)
T0716,2026-07-22 23:50:19,3354666.65,0.0067,Morgan Stanley,JPYUSD,BUY,Bob Wilson,FX,NASDAQ,0.005307359650800878,0.003169293071573326,9,0.00530735965080085,-0.2432256820019783,0.05099165067171474,2.703073731781792,0.0419,False,LOW,NORMAL,Multi-factor anomaly (risk score > threshold)
T0715,2026-07-22 23:48:33,13408068.45,0.0067,JPMorgan Chase,JPYUSD,SELL,John Smith,FX,NYSE,2.85233634317756,0.003169293071573326,6,2.8523363431775604,-0.2432256820019783,-1.018763258525093,2.941885325192496,0.5449,False,LOW,NORMAL,2.85x normal quantity for JPYUSD
T0714,2026-07-22 23:47:55,1284160.39,1.0989,Bank of America,EURUSD,BUY,Jane Doe,FX,CME,-0.5361402112154336,0.0006468154853664935,9,-0.5361402112154338,-0.3615248936872159,0.05099165067171474,2.914650129131783,0.1311,False,LOW,NORMAL,Multi-factor anomaly (risk score > threshold)
T0713,2026-07-22 23:47:03,3182357.67,1.0952,Morgan Stanley,EURUSD,SELL,Bob Wilson,FX,CBOE,-0.02844746449254869,0.002722365711553966,8,-0.028447464492548723,-0.26418569158143285,-0.3055933190605545,2.4121956955104857,0.0454,False,LOW,NORMAL,Multi-factor anomaly (risk score > threshold)
T0712,2026-07-22 23:45:29,3062425.18,1.2711,Bank of America,GBPUSD,BUY,John Smith,FX,NASDAQ,-0.006671112077627873,0.0013406761734562243,8,-0.006671112077627902,-0.32898419922506056,-0.3055933190605545,2.403070647683088,0.0561,False,LOW,NORMAL,Multi-factor anomaly (risk score > threshold)
T0711,2026-07-22 23:44:10,3527532.75,0.9387,Morgan Stanley,EURUSD,BUY,Jane Doe,FX,CME,0.06387322646613375,0.14522962444616114,7,0.06387322646613373,6.419122996635349,-0.6621782887928237,2.1691181779203017,0.889,True,HIGH,PRICE_ANOMALY,Price 14.5% away from average
T0710,2026-07-22 23:42:41,959.86,420.5859,Citigroup,MSFT,SELL,John Smith,Equities,CBOE,1.410319878980714,0.0016149514831230707,5,1.4103198789807143,-0.3161212294624218,-1.3753482282573621,2.0646124370372227,0.4292,False,LOW,NORMAL,Multi-factor anomaly (risk score > threshold)
T0709,2026-07-22 23:41:14,189.3,181.3777,Goldman Sachs,GOOGL,BUY,Jane Doe,Equities,CME,-0.34428164474346373,0.010768845937640551,17,-0.34428164474346384,0.11317832258937312,2.9036714085298687,5.240943311678677,0.6468,False,LOW,NORMAL,Multi-factor anomaly (risk score > threshold)
T0708,2026-07-22 23:39:52,369.89,422.6952,Citigroup,MSFT,BUY,Alice Johnson,Equities,NASDAQ,0.03183099424294477,0.006638197429226757,4,0.03183099424294475,-0.08054092588528391,-1.7319331979896313,1.214723856925946,0.2806,False,LOW,NORMAL,Multi-factor anomaly (risk score > threshold)
T0707,2026-07-22 23:38:01,111.11,422.6329,Bank of America,MSFT,SELL,John Smith,Equities,NYSE,-0.5728189940487309,0.006489831515206834,8,-0.572818994048731,-0.0874989939234264,-0.3055933190605545,2.6310745470740544,0.1679,False,LOW,NORMAL,Multi-factor anomaly (risk score > threshold)
T0706,2026-07-22 23:37:02,3383158.54,0.0067,JPMorgan Chase,JPYUSD,BUY,Alice Johnson,FX,CBOE,0.013375995346377734,0.003169293071573326,5,0.013375995346377708,-0.2432256820019783,-1.3753482282573621,1.506301186060023,0.1139,False,LOW,NORMAL,Multi-factor anomaly (risk score > threshold)
T0705,2026-07-22 23:35:09,262.35,149.9499,Goldman Sachs,AAPL,SELL,Bob Wilson,Equities,CME,-0.2122658377772977,0.002654406633748269,17,-0.21226583777729777,-0.26737283797085193,2.9036714085298687,5.185702657101043,0.5432,False,LOW,NORMAL,Multi-factor anomaly (risk score > threshold)
T0704,2026-07-22 23:33:43,9187362.6,0.0067,Goldman Sachs,JPYUSD,SELL,Alice Johnson,FX,NASDAQ,1.657072080896613,0.003169293071573326,16,1.6570720808966133,-0.2432256820019783,2.5470864387975993,5.463779620280117,0.6868,False,LOW,NORMAL,Multi-factor anomaly (risk score > threshold)
T0703,2026-07-22 23:32:47,21776971.09,0.0067,Bank of America,JPYUSD,BUY,Jane Doe,FX,NYSE,5.222330982842078,0.003169293071573326,8,5.222330982842079,-0.2432256820019783,-0.3055933190605545,4.489883181058303,0.6718,False,LOW,NORMAL,5.22x normal quantity for JPYUSD
T0702,2026-07-22 23:31:08,307.41,150.6135,Morgan Stanley,AAPL,SELL,John Smith,Equities,CBOE,-0.08828283466857252,0.0017593244574883285,9,-0.08828283466857256,-0.30935042239977284,0.05099165067171474,2.735840931204675,0.0451,False,LOW,NORMAL,Multi-factor anomaly (risk score > threshold)
T0701,2026-07-22 23:29:55,2832642.8,0.0067,UBS,JPYUSD,BUY,Jane Doe,FX,CBOE,-0.14252489261650886,0.003169293071573326,8,-0.1425248926165089,-0.2432256820019783,-0.3055933190605545,2.4579607449680756,0.002,False,LOW,NORMAL,Multi-factor anomaly (risk score > threshold)
T0700,2026-07-22 23:27:58,2056662.45,1.1025,Goldman Sachs,EURUSD,BUY,Jane Doe,FX,NASDAQ,-0.329526443077231,0.003924937731018843,15,-0.3295264430772311,-0.2077874414343038,2.19050146906533,4.632988058550198,0.3791,False,LOW,NORMAL,Multi-factor anomaly (risk score > threshold)
T0699,2026-07-22 23:26:13,352.19,182.3625,Goldman Sachs,GOOGL,SELL,Alice Johnson,Equities,NYSE,0.034731260367467515,0.016256869875971424,14,0.034731260367467494,0.37055579510461206,1.8339164993330608,4.2187695651097785,0.5225,False,LOW,NORMAL,Multi-factor anomaly (risk score > threshold)
T0698,2026-07-22 23:25:33,2766751.71,1.1006,Goldman Sachs,EURUSD,SELL,Jane Doe,FX,NYSE,-0.1396056320918624,0.0021948176569245585,13,-0.13960563209186247,-0.2889266523455625,1.4773315296007916,3.9565006981338224,0.1625,False,LOW,NORMAL,Multi-factor anomaly (risk score > threshold)
T0697,2026-07-22 23:24:58,401.15,181.8585,Goldman Sachs,GOOGL,SELL,John Smith,Equities,NYSE,0.14865152455944483,0.013448214245468942,12,0.14865152455944483,0.2388353989351519,1.1207465598685225,3.663495074097418,0.3801,False,LOW,NORMAL,Multi-factor anomaly (risk score > threshold)
T0696,2026-07-22 23:23:04,2553167.99,0.0067,JPMorgan Chase,JPYUSD,BUY,Bob Wilson,FX,NASDAQ,-0.2216695344068761,0.003169293071573326,6,-0.22166953440687615,-0.2432256820019783,-1.018763258525093,1.8896186016842222,0.0536,False,LOW,NORMAL,Multi-factor anomaly (risk score > threshold)
T0695,2026-07-22 23:22:18,280.79,181.2676,Morgan Stanley,GOOGL,SELL,Jane Doe,Equities,CME,-0.13140245824583277,0.010155288427881902,12,-0.13140245824583283,0.0844036884261603,1.1207465598685225,3.655607569826697,0.1912,False,LOW,NORMAL,Multi-factor anomaly (risk score > threshold)
T0694,2026-07-22 23:21:35,1624349.34,1.272,Bank of America,GBPUSD,BUY,John Smith,FX,NYSE,-0.3521217398858449,0.002049673584011046,7,-0.352121739885845,-0.2957336224056109,-0.6621782887928237,2.2414635980295414,0.062,False,LOW,NORMAL,Multi-factor anomaly (risk score > threshold)
T0693,2026-07-22 23:19:54,2324473.17,1.2674,Citigroup,GBPUSD,BUY,Alice Johnson,FX,NYSE,-0.18393991672344942,0.0015740909588241648,7,-0.18393991672344948,-0.31803750726803554,-0.6621782887928237,2.1740481939770273,0.0504,False,LOW,NORMAL,Multi-factor anomaly (risk score > threshold)
T0692,2026-07-22 23:18:16,126.58,182.168,Citigroup,GOOGL,SELL,Jane Doe,Equities,CBOE,-0.4902187152116178,0.015172974002692206,7,-0.4902187152116179,0.3197232215828667,-0.6621782887928237,2.300639378285455,0.2994,False,LOW,NORMAL,Multi-factor anomaly (risk score > threshold)
T0691,2026-07-22 23:17:41,207.15,420.6605,Morgan Stanley,MSFT,SELL,Bob Wilson,Equities,CME,-0.3484176304366568,0.001792609543891806,11,-0.3484176304366569,-0.30778941765430445,0.7641615901362532,3.4399048350378303,0.0931,False,LOW,NORMAL,Multi-factor anomaly (risk score > threshold)
T0690,2026-07-22 23:16:54,363.9,180.9481,UBS,GOOGL,SELL,Jane Doe,Equities,CBOE,0.0619781209411614,0.008374801376402848,7,0.06197812094116138,0.0009023658544582071,-0.6621782887928237,2.1273036887893855,0.1353,False,LOW,NORMAL,Multi-factor anomaly (risk score > threshold)
T0689,2026-07-22 23:15:07,3064511.74,1.0961,UBS,EURUSD,SELL,Bob Wilson,FX,CME,-0.05996659294257612,0.0019028351501407773,7,-0.059966592942576155,-0.3026200546446656,-0.6621782887928237,2.1245574877220728,0.0606,False,LOW,NORMAL,Multi-factor anomaly (risk score > threshold)
T0688,2026-07-22 23:14:36,419.82,422.2918,UBS,MSFT,BUY,Bob Wilson,Equities,CME,0.14849446868224986,0.005677510274882619,6,0.14849446868224986,-0.12559525408089908,-1.018763258525093,1.8611010405553645,0.1849,False,LOW,NORMAL,Multi-factor anomaly (risk score > threshold)
T0687,2026-07-22 23:13:41,72.63,181.0246,UBS,GOOGL,BUY,Bob Wilson,Equities,CME,-0.6157497252842725,0.008801115177461141,5,-0.6157497252842726,0.020895640273031417,-1.3753482282573621,1.7489402246669474,0.3384,False,LOW,NORMAL,Multi-factor anomaly (risk score > threshold)
T0686,2026-07-22 23:12:42,143.85,150.2622,Goldman Sachs,AAPL,SELL,Jane Doe,Equities,CBOE,-0.5383196741817349,0.000577239334481822,11,-0.538319674181735,-0.3647878776069767,0.7641615901362532,3.5155010414730383,0.2024,False,LOW,NORMAL,Multi-factor anomaly (risk score > threshold)
T0685,2026-07-22 23:11:28,375.18,148.8689,Bank of America,AAPL,SELL,John Smith,Equities,CME,0.09818694164474982,0.009844345316127752,10,0.09818694164474981,0.06982107124033823,0.40757662040398396,3.0422280802527384,0.1856,False,LOW,NORMAL,Multi-factor anomaly (risk score > threshold)
T0684,2026-07-22 23:10:53,2619735.83,1.1019,Bank of America,EURUSD,SELL,Bob Wilson,FX,NYSE,-0.17892656923338124,0.0033785840234101857,9,-0.1789265692333813,-0.23341035014311934,0.05099165067171474,2.7725842029003753,0.0059,False,LOW,NORMAL,Multi-factor anomaly (risk score > threshold)
T0683,2026-07-22 23:09:30,1153047.59,1.0978,JPMorgan Chase,EURUSD,SELL,John Smith,FX,CBOE,-0.5712077030214109,0.000354832978582712,7,-0.571207703021411,-0.37521829598631906,-0.6621782887928237,2.328589531102139,0.187,False,LOW,NORMAL,Multi-factor anomaly (risk score > threshold)
T0682,2026-07-22 23:08:06,245.19,421.8019,Goldman Sachs,MSFT,BUY,Jane Doe,Equities,NYSE,-0.25953562427460664,0.004510825503159135,11,-0.25953562427460675,-0.18031046326045952,0.7641615901362532,3.4051674973607904,0.0612,False,LOW,NORMAL,Multi-factor anomaly (risk score > threshold)
T0681,2026-07-22 23:06:55,135.05,179.7174,UBS,GOOGL,BUY,Bob Wilson,Equities,NASDAQ,-0.4705106956506282,0.001516443272316914,4,-0.4705106956506283,-0.32074106979187167,-1.7319331979896313,1.3886592112419462,0.251,False,LOW,NORMAL,Multi-factor anomaly (risk score > threshold)
T0680,2026-07-22 23:06:00,349.45,417.8066,Goldman Sachs,MSFT,SELL,John Smith,Equities,CME,-0.015927896554960207,0.005003882944414852,10,-0.015927896554960238,-0.1571870440732933,0.40757662040398396,3.0078723235053086,0.0853,False,LOW,NORMAL,Multi-factor anomaly (risk score > threshold)
T0679,2026-07-22 23:05:11,218.16,419.2591,Goldman Sachs,MSFT,BUY,Alice Johnson,Equities,NYSE,-0.32269231792760916,0.0015447900051859746,9,-0.3226923179276093,-0.3194116640637103,0.05099165067171474,2.8295403641725994,0.0453,False,LOW,NORMAL,Multi-factor anomaly (risk score > threshold)
T0678,2026-07-22 23:03:18,2629978.52,1.0968,Goldman Sachs,EURUSD,BUY,John Smith,FX,NYSE,-0.17618705449762573,0.0012654224912640101,9,-0.17618705449762578,-0.33251344813828376,0.05099165067171474,2.7708544485464293,0.0301,False,LOW,NORMAL,Multi-factor anomaly (risk score > threshold)
T0677,2026-07-22 23:01:34,2097870.88,0.0067,Goldman Sachs,JPYUSD,SELL,John Smith,FX,NYSE,-0.35060540050206906,0.003169293071573326,8,-0.3506054005020692,-0.2432256820019783,-0.3055933190605545,2.5411929481222995,0.0249,False,LOW,NORMAL,Multi-factor anomaly (risk score > threshold)
T0676,2026-07-22 23:00:03,2598155.59,1.0976,JPMorgan Chase,EURUSD,BUY,Jane Doe,FX,NYSE,-0.1846984304808798,0.0005369508811191334,8,-0.18469843048087986,-0.3666773264167044,-0.3055933190605545,2.4740404574566877,0.0491,False,LOW,NORMAL,Multi-factor anomaly (risk score > threshold)
T0675,2026-07-22 22:58:46,2106503.19,0.0067,Bank of America,JPYUSD,BUY,Alice Johnson,FX,CBOE,-0.3481608113715732,0.003169293071573326,9,-0.3481608113715733,-0.2432256820019783,0.05099165067171474,2.840215112470101,0.0192,False,LOW,NORMAL,Multi-factor anomaly (risk score > threshold)
T0674,2026-07-22 22:58:02,260.37,180.9961,Morgan Stanley,GOOGL,SELL,Bob Wilson,Equities,NYSE,-0.17891577104812403,0.008642292388831655,14,-0.1789157710481241,0.013447165489644896,1.8339164993330608,4.274158996135899,0.2674,False,LOW,NORMAL,Multi-factor anomaly (risk score > threshold)
T0673,2026-07-22 22:57:06,216.77,423.9707,Goldman Sachs,MSFT,BUY,Jane Doe,Equities,NASDAQ,-0.32594010942511836,0.009675769232315605,7,-0.3259401094251185,0.06191518619580556,-0.6621782887928237,2.233278774539742,0.1208,False,LOW,NORMAL,Multi-factor anomaly (risk score > threshold)
T0672,2026-07-22 22:55:34,2224.37,180.6925,Morgan Stanley,GOOGL,BUY,Jane Doe,Equities,NASDAQ,4.390924892208485,0.006950411735219415,13,4.390924892208486,-0.06589869220291235,1.4773315296007916,5.65845508040396,0.7797,True,MEDIUM,SIZE_ANOMALY,4.39x normal quantity for GOOGL
T0671,2026-07-22 22:54:55,161.79,421.6382,JPMorgan Chase,MSFT,BUY,Alice Johnson,Equities,CBOE,-0.4544031141251583,0.00412097798911315,8,-0.45440311412515844,-0.19859354091445774,-0.3055933190605545,2.582997539046797,0.064,False,LOW,NORMAL,Multi-factor anomaly (risk score > threshold)
T0670,2026-07-22 22:53:45,2525294.04,1.1062,Morgan Stanley,EURUSD,SELL,John Smith,FX,NYSE,-0.20418601527500968,0.007294118927939302,12,-0.20418601527500974,-0.04977950439658916,1.1207465598685225,3.6838626417883855,0.1198,False,LOW,NORMAL,Multi-factor anomaly (risk score > threshold)
T0669,2026-07-22 22:51:56,212.24,419.6821,UBS,MSFT,SELL,Jane Doe,Equities,NYSE,-0.33652463855009435,0.0005374259340714581,8,-0.33652463855009446,-0.366655047372452,-0.3055933190605545,2.5347710832002592,0.0712,False,LOW,NORMAL,Multi-factor anomaly (risk score > threshold)
T0668,2026-07-22 22:51:00,3092783.89,0.0067,Bank of America,JPYUSD,SELL,Jane Doe,FX,CBOE,-0.06885537877729832,0.003169293071573326,10,-0.06885537877729836,-0.2432256820019783,0.40757662040398396,3.0284929394323914,0.0313,False,LOW,NORMAL,Multi-factor anomaly (risk score > threshold)
T0667,2026-07-22 22:49:33,410.24,415.7539,Goldman Sachs,MSFT,BUY,Jane Doe,Equities,CME,0.12611040929653905,0.00989233738596751,6,0.12611040929653905,0.07207180443227268,-1.018763258525093,1.8534118649344058,0.251,False,LOW,NORMAL,Multi-factor anomaly (risk score > threshold)
T0666,2026-07-22 22:47:43,2243809.06,1.1,UBS,EURUSD,BUY,Jane Doe,FX,CME,-0.27947212181575676,0.0016484639493159012,7,-0.27947212181575687,-0.314549561054378,-0.6621782887928237,2.2122833879110977,0.0488,False,LOW,NORMAL,Multi-factor anomaly (risk score > threshold)
T0665,2026-07-22 22:46:21,234.78,180.3173,Goldman Sachs,GOOGL,SELL,John Smith,Equities,NYSE,-0.2384586542317985,0.004859523654734276,5,-0.23845865423179854,-0.1639572093512863,-1.3753482282573621,1.5968413187891397,0.1303,False,LOW,NORMAL,Multi-factor anomaly (risk score > threshold)
T0664,2026-07-22 22:44:32,286.38,179.3263,Bank of America,GOOGL,BUY,Jane Doe,Equities,NYSE,-0.11839563069613607,0.0006630512060351966,11,-0.11839563069613611,-0.3607634704869656,0.7641615901362532,3.347557167640265,0.1087,False,LOW,NORMAL,Multi-factor anomaly (risk score > threshold)
T0663,2026-07-22 22:42:58,221.14,150.3464,Citigroup,AAPL,SELL,Alice Johnson,Equities,NASDAQ,-0.32565553058933877,1.7208957926587017e-05,9,-0.3256555305893389,-0.3910521950496922,0.05099165067171474,2.830267374923113,0.1179,False,LOW,NORMAL,Multi-factor anomaly (risk score > threshold)
T0662,2026-07-22 22:41:32,215.79,423.2428,Goldman Sachs,MSFT,SELL,Jane Doe,Equities,NASDAQ,-0.32822991925789463,0.007942293328381119,4,-0.32822991925789474,-0.019381406500257204,-1.7319331979896313,1.333674655701672,0.2553,False,LOW,NORMAL,Multi-factor anomaly (risk score > threshold)
T0661,2026-07-22 22:40:46,1825924.58,1.0934,Morgan Stanley,EURUSD,BUY,Alice Johnson,FX,NYSE,-0.3912397034572522,0.00436142683438014,16,-0.3912397034572523,-0.18731696545497684,2.5470864387975993,4.9578043094332145,0.478,False,LOW,NORMAL,Multi-factor anomaly (risk score > threshold)
T0660,2026-07-22 22:39:48,2586698.5,0.0067,Morgan Stanley,JPYUSD,BUY,John Smith,FX,CBOE,-0.21217400884234197,0.003169293071573326,16,-0.21217400884234203,-0.2432256820019783,2.5470864387975993,4.885820391458409,0.4427,False,LOW,NORMAL,Multi-factor anomaly (risk score > threshold)
T0659,2026-07-22 22:38:16,2998527.06,0.0067,Citigroup,JPYUSD,SELL,John Smith,FX,NYSE,-0.09554802791675227,0.003169293071573326,8,-0.0955480279167523,-0.2432256820019783,-0.3055933190605545,2.439169999088173,0.0109,False,LOW,NORMAL,Multi-factor anomaly (risk score > threshold)
T0658,2026-07-22 22:37:09,2669321.14,0.0067,Citigroup,JPYUSD,BUY,Jane Doe,FX,NASDAQ,-0.18877605306030035,0.003169293071573326,7,-0.1887760530603004,-0.2432256820019783,-0.6621782887928237,2.176461209145592,0.0277,False,LOW,NORMAL,Multi-factor anomaly (risk score > threshold)
T0657,2026-07-22 22:36:11,270.8,419.9251,Goldman Sachs,MSFT,SELL,John Smith,Equities,NASDAQ,-0.199696818338484,4.127257486665391e-05,3,-0.19969681833848404,-0.38992365899059234,-2.0885181677219005,0.9798911091078535,0.4077,False,LOW,NORMAL,Multi-factor anomaly (risk score > threshold)
T0656,2026-07-22 22:35:35,2420134.09,1.0985,Bank of America,EURUSD,BUY,Jane Doe,FX,NYSE,-0.23231214548458481,0.0002825796802940551,14,-0.23231214548458487,-0.37860683282642627,1.8339164993330608,4.293009632097922,0.2692,False,LOW,NORMAL,Multi-factor anomaly (risk score > threshold)
T0655,2026-07-22 22:34:23,252.54,148.7498,Citigroup,AAPL,SELL,John Smith,Equities,NYSE,-0.23925814271508286,0.010636502297692418,6,-0.23925814271508292,0.10697166752808399,-1.018763258525093,1.8988942077753408,0.1827,False,LOW,NORMAL,Multi-factor anomaly (risk score > threshold)
T0654,2026-07-22 22:32:55,2859114.06,1.1022,Morgan Stanley,EURUSD,BUY,Jane Doe,FX,NYSE,-0.11490235406099278,0.0036517608772145146,16,-0.11490235406099282,-0.22059889578871156,2.5470864387975993,4.847056469887561,0.4678,False,LOW,NORMAL,Multi-factor anomaly (risk score > threshold)
T0653,2026-07-22 22:32:08,16518904.96,1.2724,JPMorgan Chase,GBPUSD,BUY,John Smith,FX,CBOE,3.2258074949543754,0.0023647835442575558,10,3.225807494954376,-0.2809555882636369,0.40757662040398396,4.291032433045028,0.5554,False,LOW,NORMAL,3.23x normal quantity for GBPUSD
T0652,2026-07-22 22:30:33,256.32,425.5482,Morgan Stanley,MSFT,BUY,Alice Johnson,Equities,NYSE,-0.2335299268880762,0.01343254658972253,16,-0.23352992688807625,0.23810061685665446,2.5470864387975993,4.897441734732147,0.6073,False,LOW,NORMAL,Multi-factor anomaly (risk score > threshold)
T0651,2026-07-22 22:28:43,2882670.73,1.2682,JPMorgan Chase,GBPUSD,BUY,Jane Doe,FX,CME,-0.04985123226087274,0.0009438710383311454,10,-0.04985123226087278,-0.34759357555198345,0.40757662040398396,3.0202236542158483,0.0817,False,LOW,NORMAL,Multi-factor anomaly (risk score > threshold)
T0650,2026-07-22 22:27:31,2363913.2,1.2696,Morgan Stanley,GBPUSD,BUY,John Smith,FX,NYSE,-0.17446574106086754,0.0001590138225318132,16,-0.1744657410608676,-0.3844018272574629,2.5470864387975993,4.869834000571107,0.5084,False,LOW,NORMAL,Multi-factor anomaly (risk score > threshold)
T0649,2026-07-22 22:25:38,1473798.3,0.0067,Morgan Stanley,JPYUSD,BUY,Alice Johnson,FX,CBOE,-0.5273368948191789,0.003169293071573326,16,-0.527336894819179,-0.2432256820019783,2.5470864387975993,5.011885545849143,0.5216,False,LOW,NORMAL,Multi-factor anomaly (risk score > threshold)
T0648,2026-07-22 22:23:58,210.66,151.6226,Morgan Stanley,AAPL,BUY,Jane Doe,Equities,NASDAQ,-0.35449134666966364,0.00847104242639596,15,-0.35449134666966375,0.005415880824105674,2.19050146906533,4.644337851395784,0.4287,False,LOW,NORMAL,Multi-factor anomaly (risk score > threshold)
T0647,2026-07-22 22:23:16,1574.19,415.9599,Citigroup,MSFT,BUY,Jane Doe,Equities,NYSE,2.8457268938474933,0.009401753464810049,5,2.8457268938474938,0.04906438844739904,-1.3753482282573621,2.6411112835784403,0.6864,False,LOW,NORMAL,2.85x normal quantity for MSFT
T0646,2026-07-22 22:21:45,3413646.03,1.1035,JPMorgan Chase,EURUSD,SELL,Alice Johnson,FX,CBOE,0.03341303020452061,0.004835527243699939,11,0.03341303020452059,-0.16508259358627797,0.7641615901362532,3.314815870254918,0.1201,False,LOW,NORMAL,Multi-factor anomaly (risk score > threshold)
T0645,2026-07-22 22:20:52,4363892.44,1.1009,Bank of America,EURUSD,SELL,John Smith,FX,CBOE,0.2875663866756989,0.0024679945107288874,17,0.2875663866756989,-0.2761151979911547,2.9036714085298687,5.215766953023498,0.6685,False,LOW,NORMAL,Multi-factor anomaly (risk score > threshold)
T0644,2026-07-22 22:19:35,1660340.4,0.0067,Bank of America,JPYUSD,SELL,Alice Johnson,FX,CBOE,-0.47450992381838325,0.003169293071573326,16,-0.47450992381838336,-0.2432256820019783,2.5470864387975993,4.990754757448825,0.4971,False,LOW,NORMAL,Multi-factor anomaly (risk score > threshold)
T0643,2026-07-22 22:18:33,3605534.95,0.0067,Citigroup,JPYUSD,BUY,Bob Wilson,FX,CME,0.07635090643792788,0.003169293071573326,5,0.07635090643792787,-0.2432256820019783,-1.3753482282573621,1.531491150496643,0.1239,False,LOW,NORMAL,Multi-factor anomaly (risk score > threshold)
T0642,2026-07-22 22:18:03,3112650.98,1.0986,JPMorgan Chase,EURUSD,BUY,Bob Wilson,FX,CME,-0.047091248931572134,0.00037363863156216474,12,-0.04709124893157217,-0.3743363480416237,1.1207465598685225,3.618948591162097,0.1673,False,LOW,NORMAL,Multi-factor anomaly (risk score > threshold)
T0641,2026-07-22 22:17:05,1876089.07,1.2696,Morgan Stanley,GBPUSD,SELL,Jane Doe,FX,CBOE,-0.2916495134886814,0.0001590138225318132,15,-0.2916495134886815,-0.3844018272574629,2.19050146906533,4.616707509542232,0.4494,False,LOW,NORMAL,Multi-factor anomaly (risk score > threshold)
T0640,2026-07-22 22:15:37,1935433.49,0.0067,UBS,JPYUSD,BUY,Bob Wilson,FX,NASDAQ,-0.39660614398557725,0.003169293071573326,8,-0.39660614398557736,-0.2432256820019783,-0.3055933190605545,2.559593245515703,0.0268,False,LOW,NORMAL,Multi-factor anomaly (risk score > threshold)
T0639,2026-07-22 22:15:05,283.36,417.2258,Bank of America,MSFT,BUY,Bob Wilson,Equities,NYSE,-0.17034986782861672,0.006387043825037356,15,-0.17034986782861677,-0.09231953337419742,2.19050146906533,4.570056060278958,0.3773,False,LOW,NORMAL,Multi-factor anomaly (risk score > threshold)
T0638,2026-07-22 22:14:11,2693995.86,1.1007,Bank of America,EURUSD,BUY,Bob Wilson,FX,NASDAQ,-0.15906494631375312,0.002285876608192668,14,-0.15906494631375317,-0.28465616756075984,1.8339164993330608,4.264311741507959,0.2222,False,LOW,NORMAL,Multi-factor anomaly (risk score > threshold)
T0637,2026-07-22 22:13:35,235.74,180.0817,Morgan Stanley,GOOGL,SELL,Jane Doe,Equities,NASDAQ,-0.23622492356136754,0.0035465886020630564,14,-0.2362249235613676,-0.22553126756065256,1.8339164993330608,4.295553946005166,0.2188,False,LOW,NORMAL,Multi-factor anomaly (risk score > threshold)
T0636,2026-07-22 22:12:15,2863193.17,0.0067,Citigroup,JPYUSD,SELL,Alice Johnson,FX,NYSE,-0.13387331471504005,0.003169293071573326,6,-0.1338733147150401,-0.2432256820019783,-1.018763258525093,1.854500113807488,0.0527,False,LOW,NORMAL,Multi-factor anomaly (risk score > threshold)
T0635,2026-07-22 22:10:51,201.48,178.5362,Morgan Stanley,GOOGL,SELL,Jane Doe,Equities,CBOE,-0.3159411868623713,0.005066064725201693,13,-0.31594118686237144,-0.15427084149195375,1.4773315296007916,4.027896294162509,0.167,False,LOW,NORMAL,Multi-factor anomaly (risk score > threshold)
T0634,2026-07-22 22:09:23,2128.65,416.9647,Goldman Sachs,MSFT,BUY,Alice Johnson,Equities,NASDAQ,4.141245220256808,0.007008847037727659,3,4.141245220256809,-0.06315819204579942,-2.0885181677219005,2.5586007422140415,0.8156,True,MEDIUM,SIZE_ANOMALY,4.14x normal quantity for MSFT
T0633,2026-07-22 22:07:44,148.78,418.6049,Bank of America,MSFT,BUY,Jane Doe,Equities,NASDAQ,-0.4848015079255861,0.00310275117616261,13,-0.4848015079255862,-0.2463463653389377,1.4773315296007916,4.094851428523083,0.2357,False,LOW,NORMAL,Multi-factor anomaly (risk score > threshold)
T0632,2026-07-22 22:06:52,220.54,178.0374,UBS,GOOGL,SELL,Alice Johnson,Equities,CBOE,-0.2715923258431906,0.007845742162691044,9,-0.2715923258431907,-0.023909465282972612,0.05099165067171474,2.8109906529860833,0.0577,False,LOW,NORMAL,Multi-factor anomaly (risk score > threshold)
T0631,2026-07-22 22:05:10,2201865.52,1.2688,Morgan Stanley,GBPUSD,SELL,Jane Doe,FX,NYSE,-0.2133923895962223,0.00047120609796138103,13,-0.21339238959622236,-0.3697606267649444,1.4773315296007916,3.985498317667877,0.195,False,LOW,NORMAL,Multi-factor anomaly (risk score > threshold)
T0630,2026-07-22 22:04:32,324.21,151.512,Goldman Sachs,AAPL,SELL,Bob Wilson,Equities,NASDAQ,-0.042057480646677754,0.007735420577856464,2,-0.04205748064667779,-0.0290833294985204,-2.44510313745417,0.619143618432028,0.56,False,LOW,NORMAL,Multi-factor anomaly (risk score > threshold)
T0629,2026-07-22 22:03:50,2190256.27,1.1026,JPMorgan Chase,EURUSD,BUY,Alice Johnson,FX,CBOE,-0.2937953764828238,0.004015996682286953,13,-0.2937953764828239,-0.20351695664950123,1.4773315296007916,4.018722949597816,0.1624,False,LOW,NORMAL,Multi-factor anomaly (risk score > threshold)
T0628,2026-07-22 22:03:05,138.31,420.3163,UBS,MSFT,BUY,Jane Doe,Equities,CBOE,-0.5092650884859611,0.0009729057299967331,8,-0.5092650884859612,-0.34623190591640585,-0.3055933190605545,2.603997907113383,0.0902,False,LOW,NORMAL,Multi-factor anomaly (risk score > threshold)
T0627,2026-07-22 22:01:23,370.15,152.0166,JPMorgan Chase,AAPL,BUY,John Smith,Equities,CBOE,0.08434685052986098,0.01109161212191632,12,0.08434685052986096,0.12831541850144942,1.1207465598685225,3.6370662238485187,0.283,False,LOW,NORMAL,Multi-factor anomaly (risk score > threshold)
T0626,2026-07-22 22:00:58,1879488.25,0.0067,UBS,JPYUSD,SELL,Alice Johnson,FX,NASDAQ,-0.41244931060111634,0.003169293071573326,7,-0.41244931060111645,-0.2432256820019783,-0.6621782887928237,2.2659305121619187,0.0528,False,LOW,NORMAL,Multi-factor anomaly (risk score > threshold)
T0625,2026-07-22 21:59:34,3202156.76,1.1006,Citigroup,EURUSD,BUY,Jane Doe,FX,NYSE,-0.02315199047063168,0.0021948176569245585,8,-0.02315199047063171,-0.2889266523455625,-0.3055933190605545,2.40991924148533,0.0491,False,LOW,NORMAL,Multi-factor anomaly (risk score > threshold)
T0624,2026-07-22 21:58:42,293.46,146.987,UBS,AAPL,BUY,Bob Wilson,Equities,NYSE,-0.12666638756175322,0.02236122376790365,7,-0.12666638756175327,0.6568379239179787,-0.6621782887928237,2.1573749221550726,0.4357,False,LOW,NORMAL,Multi-factor anomaly (risk score > threshold)
T0623,2026-07-22 21:57:48,2296596.11,1.2677,Citigroup,GBPUSD,BUY,Jane Doe,FX,NASDAQ,-0.19063646749677118,0.0013377584886392826,7,-0.19063646749677124,-0.329121032874516,-0.6621782887928237,2.1766559145453,0.053,False,LOW,NORMAL,Multi-factor anomaly (risk score > threshold)
T0622,2026-07-22 21:56:55,1803721.25,1.1019,JPMorgan Chase,EURUSD,BUY,John Smith,FX,NYSE,-0.3971782166523057,0.0033785840234101857,12,-0.3971782166523058,-0.23341035014311934,1.1207465598685225,3.759884861867945,0.1194,False,LOW,NORMAL,Multi-factor anomaly (risk score > threshold)
T0621,2026-07-22 21:56:20,1525603.36,1.2686,Bank of America,GBPUSD,BUY,John Smith,FX,CBOE,-0.3758422279405901,0.0006287610780846358,13,-0.3758422279405902,-0.3623716096939574,1.4773315296007916,4.050525519499661,0.2446,False,LOW,NORMAL,Multi-factor anomaly (risk score > threshold)
T0620,2026-07-22 21:54:34,209.75,181.0312,UBS,GOOGL,BUY,John Smith,Equities,NYSE,-0.29669852785772155,0.008837895191670215,6,-0.29669852785772166,0.02262055022287485,-1.018763258525093,1.9213307797005894,0.1531,False,LOW,NORMAL,Multi-factor anomaly (risk score > threshold)
T0619,2026-07-22 21:53:59,112.62,178.4861,JPMorgan Chase,GOOGL,BUY,Alice Johnson,Equities,CBOE,-0.5227008820441341,0.005345258469424333,11,-0.5227008820441342,-0.14117720687272428,0.7641615901362532,3.5106839303584807,0.158,False,LOW,NORMAL,Multi-factor anomaly (risk score > threshold)
T0618,2026-07-22 21:53:09,1719658.78,0.0067,Morgan Stanley,JPYUSD,BUY,John Smith,FX,CME,-0.457711515630236,0.003169293071573326,14,-0.4577115156302361,-0.2432256820019783,1.8339164993330608,4.384035394173567,0.2937,False,LOW,NORMAL,Multi-factor anomaly (risk score > threshold)
T0617,2026-07-22 21:52:17,2624300.02,1.0982,Bank of America,EURUSD,SELL,Jane Doe,FX,CME,-0.17770582880661953,9.402826489726364e-06,12,-0.1777058288066196,-0.39141828718083405,1.1207465598685225,3.6710851523705945,0.1802,False,LOW,NORMAL,Multi-factor anomaly (risk score > threshold)
T0616,2026-07-22 21:51:02,2729590.53,1.1026,Morgan Stanley,EURUSD,SELL,John Smith,FX,CBOE,-0.14954477895738927,0.004015996682286953,13,-0.14954477895738932,-0.20351695664950123,1.4773315296007916,3.961022710587642,0.1388,False,LOW,NORMAL,Multi-factor anomaly (risk score > threshold)
T0615,2026-07-22 21:49:16,204.65,181.189,JPMorgan Chase,GOOGL,SELL,Jane Doe,Equities,CBOE,-0.30856522204438586,0.009717271895029777,12,-0.30856522204438597,0.06386157902354438,1.1207465598685225,3.726341270386263,0.1838,False,LOW,NORMAL,Multi-factor anomaly (risk score > threshold)
T0614,2026-07-22 21:48:28,2123661.86,0.0067,Morgan Stanley,JPYUSD,SELL,John Smith,FX,NASDAQ,-0.3433016371556604,0.003169293071573326,12,-0.34330163715566053,-0.2432256820019783,1.1207465598685225,3.738271442783736,0.0985,False,LOW,NORMAL,Multi-factor anomaly (risk score > threshold)
T0613,2026-07-22 21:47:36,3599841.79,1.2748,Bank of America,GBPUSD,SELL,Jane Doe,FX,NASDAQ,0.12242562966240697,0.0042554433057367886,12,0.12242562966240696,-0.19228738341178492,1.1207465598685225,3.6502468848566836,0.1673,False,LOW,NORMAL,Multi-factor anomaly (risk score > threshold)
T0612,2026-07-22 21:46:41,287.21,149.3576,Bank of America,AAPL,BUY,Bob Wilson,Equities,CME,-0.1438633198615653,0.0065939077267857015,11,-0.14386331986156536,-0.08261802536604852,0.7641615901362532,3.3595235002626618,0.0826,False,LOW,NORMAL,Multi-factor anomaly (risk score > threshold)
T0611,2026-07-22 21:45:25,258.28,421.7049,Morgan Stanley,MSFT,BUY,Bob Wilson,Equities,NYSE,-0.2289503072225237,0.004279822394653018,11,-0.22895030722252377,-0.1911440523407124,0.7641615901362532,3.392864069607405,0.0535,False,LOW,NORMAL,Multi-factor anomaly (risk score > threshold)
T0610,2026-07-22 21:44:11,166.49,425.9478,UBS,MSFT,SELL,Alice Johnson,Equities,NYSE,-0.44342137309041496,0.014384184137754025,7,-0.44342137309041507,0.28273053640788703,-0.6621782887928237,2.2816838044774923,0.259,False,LOW,NORMAL,Multi-factor anomaly (risk score > threshold)
T0609,2026-07-22 21:42:34,273.94,180.1887,Bank of America,GOOGL,SELL,Jane Doe,Equities,CME,-0.14734105730047017,0.004142870650602247,11,-0.14734105730047023,-0.19756681837388348,0.7641615901362532,3.3601792841153686,0.058,False,LOW,NORMAL,Multi-factor anomaly (risk score > threshold)
T0608,2026-07-22 21:41:22,243.15,149.9029,Morgan Stanley,AAPL,SELL,Jane Doe,Equities,NYSE,-0.2650948138023205,0.002967012663417106,10,-0.2650948138023206,-0.25271223322253167,0.40757662040398396,3.1069280293199535,0.0237,False,LOW,NORMAL,Multi-factor anomaly (risk score > threshold)
T0607,2026-07-22 21:40:12,1000000.0,1.2751,Morgan Stanley,GBPUSD,SELL,John Smith,FX,NYSE,-0.5021012232172983,0.004491775775921671,9,-0.5021012232172984,-0.18120385780530446,0.05099165067171474,2.9021880220196956,0.0758,False,LOW,NORMAL,Multi-factor anomaly (risk score > threshold)
T0606,2026-07-22 21:38:31,232.64,367.0706,JPMorgan Chase,MSFT,SELL,Bob Wilson,Equities,NYSE,-0.288859209378017,0.12583041606986609,12,-0.2888592093780171,5.5093384773269625,1.1207465598685225,3.753292808572166,0.8707,True,HIGH,PRICE_ANOMALY,Price 12.6% away from average
T0605,2026-07-22 21:37:02,2096322.86,1.0996,Bank of America,EURUSD,BUY,John Smith,FX,CME,-0.3189188509680189,0.0012842281442432607,10,-0.31891885096801903,-0.3316315001935978,0.40757662040398396,3.1279528088304804,0.0603,False,LOW,NORMAL,Multi-factor anomaly (risk score > threshold)
T0604,2026-07-22 21:36:14,2617831.52,1.2747,Bank of America,GBPUSD,BUY,Bob Wilson,FX,NASDAQ,-0.11347017975861542,0.004176665815675161,9,-0.11347017975861547,-0.19598189194727844,0.05099165067171474,2.7466410716481486,0.0269,False,LOW,NORMAL,Multi-factor anomaly (risk score > threshold)
T0603,2026-07-22 21:35:42,3327195.8,1.1064,Bank of America,EURUSD,BUY,Alice Johnson,FX,NASDAQ,0.010291010598884497,0.0074762368304755215,8,0.010291010598884471,-0.04123853482698399,-0.3055933190605545,2.4063592752886964,0.0907,False,LOW,NORMAL,Multi-factor anomaly (risk score > threshold)
T0602,2026-07-22 21:33:46,2849908.98,0.0067,Morgan Stanley,JPYUSD,SELL,Jane Doe,FX,CME,-0.13763527257816616,0.003169293071573326,11,-0.1376352725781662,-0.2432256820019783,0.7641615901362532,3.3560048969527383,0.0465,False,LOW,NORMAL,Multi-factor anomaly (risk score > threshold)
T0601,2026-07-22 21:32:38,201.97,178.8231,Morgan Stanley,GOOGL,SELL,Bob Wilson,Equities,CBOE,-0.3148010534993389,0.003467248652997051,10,-0.314801053499339,-0.22925215431143206,0.40757662040398396,3.1269605959956346,0.0273,False,LOW,NORMAL,Multi-factor anomaly (risk score > threshold)
T0600,2026-07-22 21:31:03,232.42,181.1627,JPMorgan Chase,GOOGL,BUY,Alice Johnson,Equities,NASDAQ,-0.24394990879660788,0.009570709111136543,11,-0.24394990879660794,0.05698807422343401,0.7641615901362532,3.400451176251984,0.123,False,LOW,NORMAL,Multi-factor anomaly (risk score > threshold)
T0599,2026-07-22 21:29:35,1051467.35,1.2733,Bank of America,GBPUSD,SELL,John Smith,FX,NASDAQ,-0.4897378777840525,0.003073780954812377,7,-0.4897378777840526,-0.24770501144418733,-0.6621782887928237,2.296817285400065,0.0766,False,LOW,NORMAL,Multi-factor anomaly (risk score > threshold)
T0598,2026-07-22 21:28:22,2799021.39,0.0067,JPMorgan Chase,JPYUSD,SELL,John Smith,FX,CBOE,-0.15204616020744863,0.003169293071573326,10,-0.15204616020744868,-0.2432256820019783,0.40757662040398396,3.0617692520044515,0.017,False,LOW,NORMAL,Multi-factor anomaly (risk score > threshold)
T0597,2026-07-22 21:27:32,176.27,414.5608,Morgan Stanley,MSFT,BUY,Alice Johnson,Equities,NASDAQ,-0.42057000557556606,0.012733675620593373,9,-0.4205700055755662,0.20532495011941268,0.05099165067171474,2.8720481049164044,0.1982,False,LOW,NORMAL,Multi-factor anomaly (risk score > threshold)
T0596,2026-07-22 21:26:44,1456040.32,1.0967,Bank of America,EURUSD,BUY,Jane Doe,FX,NASDAQ,-0.49016912344301977,0.0013564814425321198,6,-0.4901691234430199,-0.32824296335348113,-1.018763258525093,1.9964745938099673,0.1312,False,LOW,NORMAL,Multi-factor anomaly (risk score > threshold)
T0595,2026-07-22 21:26:14,2707372.11,0.0066,Morgan Stanley,JPYUSD,SELL,Jane Doe,FX,CME,-0.17800037567303958,0.01804736332423645,8,-0.17800037567303964,0.45452639790225674,-0.3055933190605545,2.476614359266487,0.3063,False,LOW,NORMAL,Multi-factor anomaly (risk score > threshold)
T0594,2026-07-22 21:24:30,3296512.13,1.2706,Bank of America,GBPUSD,BUY,Bob Wilson,FX,CME,0.04956061200113184,0.0009467887231480873,5,0.04956061200113182,-0.347456741902528,-1.3753482282573621,1.5201082814173972,0.1726,False,LOW,NORMAL,Multi-factor anomaly (risk score > threshold)
T0593,2026-07-22 21:23:44,188.78,180.1125,Morgan Stanley,GOOGL,SELL,Bob Wilson,Equities,CME,-0.34549158218994713,0.003718228668371531,8,-0.34549158218994724,-0.2174816877947416,-0.3055933190605545,2.53931210147649,0.0302,False,LOW,NORMAL,Multi-factor anomaly (risk score > threshold)
T0592,2026-07-22 21:22:57,412.38,424.0002,Citigroup,MSFT,BUY,Bob Wilson,Equities,CME,0.13111060627831578,0.009746022755005588,9,0.13111060627831578,0.06520993751402578,0.05099165067171474,2.755368049337828,0.1867,False,LOW,NORMAL,Multi-factor anomaly (risk score > threshold)
T0591,2026-07-22 21:22:20,2290142.24,1.0968,JPMorgan Chase,EURUSD,BUY,John Smith,FX,NASDAQ,-0.26707982747077386,0.0012654224912640101,11,-0.26707982747077397,-0.33251344813828376,0.7641615901362532,3.4072115577356885,0.0686,False,LOW,NORMAL,Multi-factor anomaly (risk score > threshold)
T0590,2026-07-22 21:21:47,244.19,415.9838,Bank of America,MSFT,SELL,John Smith,Equities,CBOE,-0.2618721649202967,0.009344836204054479,4,-0.2618721649202968,0.04639508144721587,-1.7319331979896313,1.307552316829335,0.2676,False,LOW,NORMAL,Multi-factor anomaly (risk score > threshold)
T0589,2026-07-22 21:20:28,189.19,152.662,JPMorgan Chase,AAPL,SELL,Alice Johnson,Equities,NYSE,-0.4135662485059781,0.015384291516557957,10,-0.41356624850597823,0.3296335951942312,0.40757662040398396,3.1700417868573587,0.27,False,LOW,NORMAL,Multi-factor anomaly (risk score > threshold)
T0588,2026-07-22 21:19:52,176.65,149.9979,UBS,AAPL,BUY,Bob Wilson,Equities,NASDAQ,-0.4480701734723211,0.0023351494119591676,8,-0.4480701734723212,-0.28234537047975844,-0.3055933190605545,2.579928614212516,0.0613,False,LOW,NORMAL,Multi-factor anomaly (risk score > threshold)
T0587,2026-07-22 21:18:38,3078135.46,1.2633,JPMorgan Chase,GBPUSD,BUY,Alice Johnson,FX,CBOE,-0.002897231773065629,0.004803968051351239,9,-0.002897231773065658,-0.16656265731278588,0.05099165067171474,2.7026000831246315,0.0685,False,LOW,NORMAL,Multi-factor anomaly (risk score > threshold)
T0586,2026-07-22 21:17:15,3569421.06,0.0067,Citigroup,JPYUSD,BUY,Bob Wilson,FX,CBOE,0.06612379191656284,0.003169293071573326,8,0.06612379191656283,-0.2432256820019783,-0.3055933190605545,2.427400304688097,0.0449,False,LOW,NORMAL,Multi-factor anomaly (risk score > threshold)
T0585,2026-07-22 21:15:52,16009423.73,0.0067,JPMorgan Chase,JPYUSD,BUY,Bob Wilson,FX,CME,3.5890157305079633,0.003169293071573326,8,3.5890157305079637,-0.2432256820019783,-0.3055933190605545,3.836557080124657,0.5409,False,LOW,NORMAL,3.59x normal quantity for JPYUSD
T0584,2026-07-22 21:14:29,3549695.98,0.0067,JPMorgan Chase,JPYUSD,SELL,Alice Johnson,FX,NASDAQ,0.060537834488462804,0.003169293071573326,7,0.06053783448846278,-0.2432256820019783,-0.6621782887928237,2.125165921716857,0.0596,False,LOW,NORMAL,Multi-factor anomaly (risk score > threshold)
T0583,2026-07-22 21:13:48,3767507.45,0.0067,Citigroup,JPYUSD,BUY,Jane Doe,FX,CME,0.12221999743897473,0.003169293071573326,7,0.12221999743897471,-0.2432256820019783,-0.6621782887928237,2.149838786897062,0.0887,False,LOW,NORMAL,Multi-factor anomaly (risk score > threshold)
T0582,2026-07-22 21:12:07,1871.64,179.9355,Goldman Sachs,GOOGL,BUY,Bob Wilson,Equities,CME,3.570191747019837,0.0027318555600402226,12,3.5701917470198374,-0.26374063644949625,1.1207465598685225,5.028896255475947,0.6885,False,LOW,NORMAL,3.57x normal quantity for GOOGL
T0581,2026-07-22 21:10:55,4416014.74,1.0979,UBS,EURUSD,BUY,Bob Wilson,FX,CME,0.30150704180745325,0.0002637740273146024,7,0.30150704180745325,-0.3794887807711217,-0.6621782887928237,2.2206819489311758,0.2346,False,LOW,NORMAL,Multi-factor anomaly (risk score > threshold)
T0580,2026-07-22 21:09:30,2155338.29,1.2634,Morgan Stanley,GBPUSD,BUY,Alice Johnson,FX,CME,-0.22456903297386038,0.004725190561289611,11,-0.22456903297386044,-0.1702571658482794,0.7641615901362532,3.391245170357931,0.0676,False,LOW,NORMAL,Multi-factor anomaly (risk score > threshold)
T0579,2026-07-22 21:08:18,332.56,181.5284,UBS,GOOGL,SELL,Bob Wilson,Equities,CBOE,-0.01094387823728157,0.011608656262078467,6,-0.0109438782372816,0.15256376644400996,-1.018763258525093,1.807860148173536,0.2532,False,LOW,NORMAL,Multi-factor anomaly (risk score > threshold)
T0578,2026-07-22 21:07:30,1634987.12,1.2743,Citigroup,GBPUSD,BUY,Bob Wilson,FX,NYSE,-0.34956636159683496,0.0038615558554286515,7,-0.3495663615968351,-0.21075992608925237,-0.6621782887928237,2.2409850113953627,0.0444,False,LOW,NORMAL,Multi-factor anomaly (risk score > threshold)
T0577,2026-07-22 21:06:01,243.22,181.4073,Bank of America,GOOGL,BUY,John Smith,Equities,NASDAQ,-0.2188204387542599,0.010933798728638243,7,-0.21882043875425997,0.12091428236440149,-0.6621782887928237,2.1908083151202957,0.1492,False,LOW,NORMAL,Multi-factor anomaly (risk score > threshold)
T0576,2026-07-22 21:05:31,217.27,176.5327,Citigroup,GOOGL,BUY,John Smith,Equities,NASDAQ,-0.2792009709393459,0.01623102812939121,7,-0.27920097093934604,0.36934386828087135,-0.6621782887928237,2.216549696814556,0.2703,False,LOW,NORMAL,Multi-factor anomaly (risk score > threshold)
T0575,2026-07-22 21:04:23,3499141.83,1.1007,Goldman Sachs,EURUSD,BUY,Alice Johnson,FX,CME,0.05627977750871576,0.002285876608192668,12,0.05627977750871574,-0.28465616756075984,1.1207465598685225,3.6231976739859437,0.1448,False,LOW,NORMAL,Multi-factor anomaly (risk score > threshold)
T0574,2026-07-22 21:03:09,3651361.54,1.2675,Citigroup,GBPUSD,BUY,Alice Johnson,FX,NYSE,0.13480156247970707,0.0014953134687625373,6,0.13480156247970707,-0.321732015803529,-1.018763258525093,1.8543692190325114,0.1584,False,LOW,NORMAL,Multi-factor anomaly (risk score > threshold)
T0573,2026-07-22 21:02:09,265.17,149.7106,Morgan Stanley,AAPL,SELL,John Smith,Equities,NYSE,-0.20450658192362253,0.004246036908210327,10,-0.2045065819236226,-0.19272852485869532,0.40757662040398396,3.0830764438419123,0.0282,False,LOW,NORMAL,Multi-factor anomaly (risk score > threshold)
T0572,2026-07-22 21:00:56,1898348.29,1.2686,Morgan Stanley,GBPUSD,SELL,Alice Johnson,FX,CME,-0.2863024648076319,0.0006287610780846358,10,-0.286302464807632,-0.3623716096939574,0.40757662040398396,3.114709614246478,0.0712,False,LOW,NORMAL,Multi-factor anomaly (risk score > threshold)
T0571,2026-07-22 20:59:17,1305892.35,0.0067,UBS,JPYUSD,SELL,Bob Wilson,FX,CBOE,-0.574886283142303,0.003169293071573326,6,-0.5748862831423031,-0.2432256820019783,-1.018763258525093,2.030905301178393,0.1704,False,LOW,NORMAL,Multi-factor anomaly (risk score > threshold)
T0570,2026-07-22 20:58:30,3412234.03,1.2706,Goldman Sachs,GBPUSD,SELL,Jane Doe,FX,NASDAQ,0.07735900892445383,0.0009467887231480873,11,0.07735900892445381,-0.347456741902528,0.7641615901362532,3.3312276401867256,0.1449,False,LOW,NORMAL,Multi-factor anomaly (risk score > threshold)
T0569,2026-07-22 20:57:03,266.43,180.1111,JPMorgan Chase,GOOGL,SELL,Jane Doe,Equities,NYSE,-0.16481534619102878,0.0037104268471755903,8,-0.16481534619102883,-0.2178475777841059,-0.3055933190605545,2.467039266530564,0.0091,False,LOW,NORMAL,Multi-factor anomaly (risk score > threshold)
T0568,2026-07-22 20:56:21,245.34,151.4746,Citigroup,AAPL,SELL,Jane Doe,Equities,NASDAQ,-0.25906900872446637,0.0074866659925457105,6,-0.2590690087244665,-0.04074942774504705,-1.018763258525093,1.90587360328755,0.1245,False,LOW,NORMAL,Multi-factor anomaly (risk score > threshold)
T0567,2026-07-22 20:55:16,130.43,182.4387,Goldman Sachs,GOOGL,SELL,John Smith,Equities,CME,-0.481260524502077,0.01668151185820214,10,-0.4812605245020771,0.3904706645254702,0.40757662040398396,3.1975086633582914,0.3228,False,LOW,NORMAL,Multi-factor anomaly (risk score > threshold)
T0566,2026-07-22 20:53:34,3071066.33,0.0067,JPMorgan Chase,JPYUSD,SELL,Jane Doe,FX,CBOE,-0.07500558783106175,0.003169293071573326,8,-0.07500558783106179,-0.2432256820019783,-0.3055933190605545,2.4309530230538967,0.0173,False,LOW,NORMAL,Multi-factor anomaly (risk score > threshold)
T0565,2026-07-22 20:51:41,1695.61,418.8442,JPMorgan Chase,MSFT,SELL,Alice Johnson,Equities,NYSE,3.1294296590471813,0.0025328641260025223,7,3.1294296590471817,-0.2730729412864141,-0.6621782887928237,3.3525317228566736,0.527,False,LOW,NORMAL,3.13x normal quantity for MSFT
T0564,2026-07-22 20:49:55,299.76,417.5665,UBS,MSFT,SELL,Bob Wilson,Equities,CBOE,-0.13203060123929966,0.005575675174851207,5,-0.13203060123929972,-0.13037111893752956,-1.3753482282573621,1.5544849430481753,0.1311,False,LOW,NORMAL,Multi-factor anomaly (risk score > threshold)
T0563,2026-07-22 20:49:07,2638881.65,0.0067,Bank of America,JPYUSD,BUY,Alice Johnson,FX,NASDAQ,-0.1973962307869852,0.003169293071573326,8,-0.19739623078698526,-0.2432256820019783,-0.3055933190605545,2.479909280236266,0.0033,False,LOW,NORMAL,Multi-factor anomaly (risk score > threshold)
T0562,2026-07-22 20:48:34,1514390.61,1.2767,UBS,GBPUSD,BUY,Bob Wilson,FX,CME,-0.3785357239435245,0.005752215616907884,5,-0.37853572394352464,-0.12209172123740038,-1.3753482282573621,1.6531399542624823,0.1408,False,LOW,NORMAL,Multi-factor anomaly (risk score > threshold)
T0561,2026-07-22 20:46:37,295.39,423.7479,Bank of America,MSFT,BUY,Alice Johnson,Equities,CBOE,-0.14224128386096527,0.009145176525355039,7,-0.14224128386096532,0.037031437256827074,-0.6621782887928237,2.159640066501993,0.0971,False,LOW,NORMAL,Multi-factor anomaly (risk score > threshold)
T0560,2026-07-22 20:45:37,3551071.75,0.0067,Goldman Sachs,JPYUSD,SELL,Alice Johnson,FX,NYSE,0.060927439633326974,0.003169293071573326,11,0.06092743963332695,-0.2432256820019783,0.7641615901362532,3.3253217637748027,0.0913,False,LOW,NORMAL,Multi-factor anomaly (risk score > threshold)
T0559,2026-07-22 20:43:51,2171060.72,1.1012,Goldman Sachs,EURUSD,BUY,Alice Johnson,FX,CME,-0.2989294274094779,0.0027411713645332163,10,-0.29892942740947803,-0.2633037436367469,0.40757662040398396,3.1203941223731513,0.0495,False,LOW,NORMAL,Multi-factor anomaly (risk score > threshold)
T0558,2026-07-22 20:42:00,1529635.45,0.0067,JPMorgan Chase,JPYUSD,SELL,John Smith,FX,NASDAQ,-0.5115243382766232,0.003169293071573326,7,-0.5115243382766234,-0.2432256820019783,-0.6621782887928237,2.3055605232321215,0.0882,False,LOW,NORMAL,Multi-factor anomaly (risk score > threshold)
T0557,2026-07-22 20:41:12,26262357.49,1.0971,Goldman Sachs,EURUSD,BUY,Jane Doe,FX,NASDAQ,6.144540257299724,0.0009922456374596813,9,6.144540257299725,-0.3453249024926915,0.05099165067171474,5.158113776611128,0.8002,True,MEDIUM,SIZE_ANOMALY,6.14x normal quantity for EURUSD
T0556,2026-07-22 20:40:30,295.63,422.4001,UBS,MSFT,SELL,John Smith,Equities,CBOE,-0.14168051410599963,0.005935424054792045,6,-0.1416805141059997,-0.11349960771603847,-1.018763258525093,1.8584528328588372,0.0926,False,LOW,NORMAL,Multi-factor anomaly (risk score > threshold)
T0555,2026-07-22 20:39:36,3103375.79,1.103,Morgan Stanley,EURUSD,BUY,Bob Wilson,FX,NYSE,-0.04957199565747441,0.004380232487359391,12,-0.049571995657474444,-0.1864350175102909,1.1207465598685225,3.6211428680091973,0.1257,False,LOW,NORMAL,Multi-factor anomaly (risk score > threshold)
T0554,2026-07-22 20:38:15,141.86,422.8806,Morgan Stanley,MSFT,BUY,Bob Wilson,Equities,NYSE,-0.5009703691937613,0.007079722958268474,11,-0.5009703691937614,-0.059834251498897574,0.7641615901362532,3.5025120645649848,0.1633,False,LOW,NORMAL,Multi-factor anomaly (risk score > threshold)
T0553,2026-07-22 20:36:32,2824197.21,1.1016,UBS,EURUSD,SELL,John Smith,FX,NYSE,-0.1242412313579885,0.0031054071696056547,5,-0.12424123135798854,-0.24622180449753656,-1.3753482282573621,1.550628114694077,0.0898,False,LOW,NORMAL,Multi-factor anomaly (risk score > threshold)
T0552,2026-07-22 20:34:38,4321858.24,1.1043,Morgan Stanley,EURUSD,SELL,Alice Johnson,FX,CME,0.2763238995648233,0.005563998853845018,11,0.2763238995648233,-0.1309187153078478,0.7641615901362532,3.4121987594820826,0.2461,False,LOW,NORMAL,Multi-factor anomaly (risk score > threshold)
T0551,2026-07-22 20:33:06,106.8,161.8983,Goldman Sachs,GOOGL,SELL,Bob Wilson,Equities,NYSE,-0.5362428742336217,0.09778457963539115,10,-0.5362428742336218,4.194044197055227,0.40757662040398396,3.243832523584066,0.8306,True,MEDIUM,MULTI_FACTOR,Multi-factor anomaly (risk score > threshold)
T0550,2026-07-22 20:31:21,2868405.75,1.2686,Goldman Sachs,GBPUSD,SELL,Jane Doe,FX,CBOE,-0.053277926569756794,0.0006287610780846358,9,-0.05327792656975683,-0.3623716096939574,0.05099165067171474,2.721499798951328,0.0809,False,LOW,NORMAL,Multi-factor anomaly (risk score > threshold)
T0549,2026-07-22 20:29:30,186.96,169.5184,Citigroup,AAPL,BUY,Jane Doe,Equities,NYSE,-0.41970211395055107,0.12749944637840777,8,-0.4197021139505512,5.5876126990123804,-0.3055933190605545,2.6061306794937424,0.8018,True,MEDIUM,PRICE_ANOMALY,Price 12.7% away from average
T0548,2026-07-22 20:27:46,2421465.06,1.2597,JPMorgan Chase,GBPUSD,SELL,Alice Johnson,FX,NYSE,-0.16064079134991865,0.007639957693570175,9,-0.1606407913499187,-0.033560350035003766,0.05099165067171474,2.766548303848038,0.0498,False,LOW,NORMAL,Multi-factor anomaly (risk score > threshold)
T0547,2026-07-22 20:26:49,1000000.0,1.0955,JPMorgan Chase,EURUSD,SELL,Alice Johnson,FX,CBOE,-0.6121418841864044,0.002449188857749637,8,-0.6121418841864045,-0.2769971459358406,-0.3055933190605545,2.6455915103318866,0.149,False,LOW,NORMAL,Multi-factor anomaly (risk score > threshold)
T0546,2026-07-22 20:25:57,361.62,148.238,Goldman Sachs,AAPL,BUY,Bob Wilson,Equities,CME,0.06087647732707752,0.014040582425020556,8,0.0608764773270775,0.26661629540438586,-0.3055933190605545,2.428562765658337,0.2689,False,LOW,NORMAL,Multi-factor anomaly (risk score > threshold)
T0545,2026-07-22 20:25:25,363.07,179.0033,Morgan Stanley,GOOGL,BUY,Alice Johnson,Equities,NASDAQ,0.060046874632351366,0.002463042810504023,12,0.060046874632351345,-0.2763474229418564,1.1207465598685225,3.6247576626960916,0.1466,False,LOW,NORMAL,Multi-factor anomaly (risk score > threshold)
T0544,2026-07-22 20:23:46,287.46,419.0573,Citigroup,MSFT,BUY,Bob Wilson,Equities,NASDAQ,-0.16077005118128754,0.002025371729892594,7,-0.1607700511812876,-0.29687333131736604,-0.6621782887928237,2.164915631991483,0.0489,False,LOW,NORMAL,Multi-factor anomaly (risk score > threshold)
T0543,2026-07-22 20:22:14,2690693.71,0.0067,Goldman Sachs,JPYUSD,BUY,Jane Doe,FX,CME,-0.1827235419349165,0.003169293071573326,8,-0.18272354193491655,-0.2432256820019783,-0.3055933190605545,2.4740402046954384,0.002,False,LOW,NORMAL,Multi-factor anomaly (risk score > threshold)
T0542,2026-07-22 20:21:27,213.35,424.5331,Morgan Stanley,MSFT,BUY,John Smith,Equities,NYSE,-0.3339310784333784,0.0110151109665822,11,-0.3339310784333785,0.12472766556420914,0.7641615901362532,3.436876964663326,0.1868,False,LOW,NORMAL,Multi-factor anomaly (risk score > threshold)
T0541,2026-07-22 20:20:13,1361847.15,1.0967,Morgan Stanley,EURUSD,SELL,Alice Johnson,FX,NASDAQ,-0.515362073461279,0.0013564814425321198,10,-0.5153620734612792,-0.32824296335348113,0.40757662040398396,3.2065517738172713,0.1003,False,LOW,NORMAL,Multi-factor anomaly (risk score > threshold)
T0540,2026-07-22 20:18:30,3816199.8,0.0067,Bank of America,JPYUSD,SELL,Bob Wilson,FX,CBOE,0.13600921371460672,0.003169293071573326,8,0.13600921371460672,-0.2432256820019783,-0.3055933190605545,2.4553544734073145,0.0784,False,LOW,NORMAL,Multi-factor anomaly (risk score > threshold)
T0539,2026-07-22 20:16:55,2429959.86,1.0983,Bank of America,EURUSD,BUY,Bob Wilson,FX,CBOE,-0.22968414037019158,0.00010046177775783596,7,-0.22968414037019164,-0.38714780239603147,-0.6621782887928237,2.191903794681404,0.1006,False,LOW,NORMAL,Multi-factor anomaly (risk score > threshold)
T0538,2026-07-22 20:15:20,4249966.99,1.1065,Morgan Stanley,EURUSD,SELL,John Smith,FX,CBOE,0.2570958316698774,0.0075672957817436316,11,0.2570958316698774,-0.03696805004218138,0.7641615901362532,3.405108521402474,0.2573,False,LOW,NORMAL,Multi-factor anomaly (risk score > threshold)
T0537,2026-07-22 20:13:43,2022380.16,1.0939,Goldman Sachs,EURUSD,BUY,Bob Wilson,FX,CME,-0.33869560065502,0.0039061320780393906,9,-0.33869560065502013,-0.20866938937899923,0.05099165067171474,2.8366500798854197,0.0226,False,LOW,NORMAL,Multi-factor anomaly (risk score > threshold)
T0536,2026-07-22 20:12:09,3662687.25,1.2457,Citigroup,EURUSD,SELL,Alice Johnson,FX,CME,0.10002171327513294,0.13432135594696612,6,0.10002171327513293,5.907546770403672,-1.018763258525093,1.8803050920941429,0.8645,True,HIGH,PRICE_ANOMALY,Price 13.4% away from average
T0535,2026-07-22 20:11:08,2620433.01,0.0067,Morgan Stanley,JPYUSD,BUY,Alice Johnson,FX,CBOE,-0.20262071239346507,0.003169293071573326,11,-0.20262071239346513,-0.2432256820019783,0.7641615901362532,3.381999072878858,0.041,False,LOW,NORMAL,Multi-factor anomaly (risk score > threshold)
T0534,2026-07-22 20:09:21,2393494.29,1.2671,Bank of America,GBPUSD,SELL,Jane Doe,FX,NASDAQ,-0.1673598528820137,0.0018104234290092218,9,-0.16735985288201374,-0.3069539816615468,0.05099165067171474,2.767487068181508,0.0311,False,LOW,NORMAL,Multi-factor anomaly (risk score > threshold)
T0533,2026-07-22 20:07:22,2191430.04,1.2744,Bank of America,GBPUSD,SELL,Alice Johnson,FX,NASDAQ,-0.2158991719349619,0.003940333345490279,8,-0.21589917193496194,-0.2070654175537589,-0.3055933190605545,2.4875417687776316,0.0078,False,LOW,NORMAL,Multi-factor anomaly (risk score > threshold)
T0532,2026-07-22 20:06:18,2169552.65,1.274,Citigroup,GBPUSD,BUY,John Smith,FX,CME,-0.22115449846232033,0.003625223385243769,6,-0.22115449846232038,-0.22184345169573283,-1.018763258525093,1.8895493664005012,0.0651,False,LOW,NORMAL,Multi-factor anomaly (risk score > threshold)
T0531,2026-07-22 20:05:35,87.68,149.6057,JPMorgan Chase,AAPL,SELL,Jane Doe,Equities,NASDAQ,-0.692871944146606,0.004943746961662223,12,-0.6928719441466061,-0.16000730277150868,1.1207465598685225,3.878631901747141,0.3212,False,LOW,NORMAL,Multi-factor anomaly (risk score > threshold)
T0530,2026-07-22 20:04:49,2522474.08,0.0067,Goldman Sachs,JPYUSD,SELL,Bob Wilson,FX,NYSE,-0.2303617614884359,0.003169293071573326,8,-0.23036176148843596,-0.2432256820019783,-0.3055933190605545,2.4930954925168463,0.0,False,LOW,NORMAL,Multi-factor anomaly (risk score > threshold)
T0529,2026-07-22 20:03:26,206.91,418.5893,JPMorgan Chase,MSFT,BUY,John Smith,Equities,CBOE,-0.34897840019162246,0.0031399021915512453,11,-0.3489784001916226,-0.24460405616726708,0.7641615901362532,3.440533330734114,0.0632,False,LOW,NORMAL,Multi-factor anomaly (risk score > threshold)
T0528,2026-07-22 20:01:41,1191751.96,1.1019,Morgan Stanley,EURUSD,BUY,Bob Wilson,FX,CBOE,-0.560855813825005,0.0033785840234101857,10,-0.5608558138250052,-0.23341035014311934,0.40757662040398396,3.225355900737025,0.1407,False,LOW,NORMAL,Multi-factor anomaly (risk score > threshold)
T0527,2026-07-22 19:59:59,2741850.18,0.0067,UBS,JPYUSD,SELL,John Smith,FX,CBOE,-0.16823651001454523,0.003169293071573326,8,-0.1682365100145453,-0.2432256820019783,-0.3055933190605545,2.46824539192729,0.0023,False,LOW,NORMAL,Multi-factor anomaly (risk score > threshold)
T0526,2026-07-22 19:58:39,240.8,150.112,Bank of America,AAPL,BUY,Bob Wilson,Equities,NYSE,-0.27156086034704985,0.0015762483909975203,9,-0.27156086034704996,-0.3179363279644936,0.05099165067171474,2.809097218656119,0.0376,False,LOW,NORMAL,Multi-factor anomaly (risk score > threshold)
T0525,2026-07-22 19:57:14,181.57,180.2714,Citigroup,GOOGL,SELL,Bob Wilson,Equities,NASDAQ,-0.3622678302459961,0.004603735374099299,9,-0.36226783024599624,-0.17595317400243027,0.05099165067171474,2.846288252710628,0.033,False,LOW,NORMAL,Multi-factor anomaly (risk score > threshold)
T0524,2026-07-22 19:56:05,281.13,417.836,JPMorgan Chase,MSFT,SELL,Jane Doe,Equities,NYSE,-0.17556035346850563,0.004933867569259352,10,-0.17556035346850568,-0.16047062674298,0.40757662040398396,3.07170430165818,0.0444,False,LOW,NORMAL,Multi-factor anomaly (risk score > threshold)
T0523,2026-07-22 19:55:31,2669881.49,1.271,Bank of America,GBPUSD,BUY,John Smith,FX,CBOE,-0.10096687894945995,0.001261898683394597,10,-0.10096687894945999,-0.332678707760554,0.40757662040398396,3.0407653211848023,0.0522,False,LOW,NORMAL,Multi-factor anomaly (risk score > threshold)
T0522,2026-07-22 19:54:24,2028711.93,1.0989,Goldman Sachs,EURUSD,BUY,Alice Johnson,FX,NASDAQ,-0.33700210244132667,0.0006468154853664935,7,-0.3370021024413268,-0.3615248936872159,-0.6621782887928237,2.234994885622141,0.0891,False,LOW,NORMAL,Multi-factor anomaly (risk score > threshold)
T0521,2026-07-22 19:53:25,178.83,425.8711,Goldman Sachs,MSFT,SELL,Alice Johnson,Equities,CBOE,-0.4145884615225995,0.014201524978760071,6,-0.4145884615225996,0.27416418298051454,-1.018763258525093,1.9700958421026677,0.3055,False,LOW,NORMAL,Multi-factor anomaly (risk score > threshold)
T0520,2026-07-22 19:51:32,2563907.09,0.0066,Morgan Stanley,JPYUSD,SELL,John Smith,FX,CME,-0.21862832213214226,0.01804736332423645,10,-0.2186283221321423,0.45452639790225674,0.40757662040398396,3.0928655378501277,0.3042,False,LOW,NORMAL,Multi-factor anomaly (risk score > threshold)
T0519,2026-07-22 19:49:50,214.11,418.5532,UBS,MSFT,SELL,Bob Wilson,Equities,CBOE,-0.33215530754265393,0.003225873451521009,10,-0.33215530754265404,-0.240572174045649,0.40757662040398396,3.133829885052518,0.0249,False,LOW,NORMAL,Multi-factor anomaly (risk score > threshold)
T0518,2026-07-22 19:48:50,3137654.03,0.0067,JPMorgan Chase,JPYUSD,SELL,Bob Wilson,FX,CME,-0.05614857648129316,0.003169293071573326,11,-0.05614857648129319,-0.2432256820019783,0.7641615901362532,3.323410218513989,0.0558,False,LOW,NORMAL,Multi-factor anomaly (risk score > threshold)
T0517,2026-07-22 19:48:47,95.45,421.9455,Citigroup,MSFT,SELL,Bob Wilson,Equities,CBOE,-0.6094092205602374,0.0048528053627620565,9,-0.6094092205602375,-0.16427228396226826,0.05099165067171474,2.945219529832923,0.17,False,LOW,NORMAL,Multi-factor anomaly (risk score > threshold)
T0516,2026-07-22 19:47:20,1000000.0,1.2704,UBS,GBPUSD,BUY,Alice Johnson,FX,CME,-0.5021012232172983,0.0007892337430248325,9,-0.5021012232172984,-0.35484575897351495,0.05099165067171474,2.9010772594098264,0.0937,False,LOW,NORMAL,Multi-factor anomaly (risk score > threshold)
T0515,2026-07-22 19:45:53,3406337.88,1.2765,Morgan Stanley,GBPUSD,SELL,Alice Johnson,FX,NASDAQ,0.07594265196851513,0.005594660636784629,10,0.07594265196851512,-0.12948073830838736,0.40757662040398396,3.0320554589784416,0.0992,False,LOW,NORMAL,Multi-factor anomaly (risk score > threshold)
T0514,2026-07-22 19:44:56,2573550.65,1.2749,Citigroup,GBPUSD,SELL,John Smith,FX,NYSE,-0.12410720870793293,0.004334220795798416,9,-0.12410720870793297,-0.18859287487629145,0.05099165067171474,2.7509431497219126,0.0252,False,LOW,NORMAL,Multi-factor anomaly (risk score > threshold)
T0513,2026-07-22 19:44:16,306.56,148.6581,Morgan Stanley,AAPL,SELL,John Smith,Equities,NASDAQ,-0.09062161746134702,0.011246416615152372,10,-0.09062161746134706,0.1355754431753242,0.40757662040398396,3.0396225719690846,0.1668,False,LOW,NORMAL,Multi-factor anomaly (risk score > threshold)
T0512,2026-07-22 19:42:21,316.08,182.2406,Citigroup,GOOGL,BUY,Jane Doe,Equities,CBOE,-0.049289588079679224,0.01557755415899073,8,-0.04928958807967926,0.33869723103108434,-0.3055933190605545,2.424389101479569,0.2878,False,LOW,NORMAL,Multi-factor anomaly (risk score > threshold)
T0511,2026-07-22 19:41:41,1916957.44,1.1023,UBS,EURUSD,BUY,Alice Johnson,FX,NYSE,-0.3668920114536898,0.003742819828482624,10,-0.36689201145368994,-0.21632841100390898,0.40757662040398396,3.1478796505300206,0.0354,False,LOW,NORMAL,Multi-factor anomaly (risk score > threshold)
T0510,2026-07-22 19:39:54,1430805.01,1.2731,JPMorgan Chase,GBPUSD,BUY,Alice Johnson,FX,NYSE,-0.3986144271611007,0.0029162259746889473,10,-0.3986144271611008,-0.2550940285151825,0.40757662040398396,3.160320638656847,0.0483,False,LOW,NORMAL,Multi-factor anomaly (risk score > threshold)
T0509,2026-07-22 19:38:31,2598564.51,0.0067,JPMorgan Chase,JPYUSD,SELL,John Smith,FX,CME,-0.20881366623782996,0.003169293071573326,9,-0.20881366623783001,-0.2432256820019783,0.05099165067171474,2.7844762544166035,0.0015,False,LOW,NORMAL,Multi-factor anomaly (risk score > threshold)
T0508,2026-07-22 19:37:10,2370009.13,0.0067,Goldman Sachs,JPYUSD,BUY,Alice Johnson,FX,NYSE,-0.27353840360990755,0.003169293071573326,5,-0.27353840360990767,-0.2432256820019783,-1.3753482282573621,1.610366149365435,0.0883,False,LOW,NORMAL,Multi-factor anomaly (risk score > threshold)
T0507,2026-07-22 19:36:28,3056614.6,1.2738,Morgan Stanley,GBPUSD,BUY,John Smith,FX,NYSE,-0.008066913643232296,0.003467668405120514,9,-0.008066913643232325,-0.22923246876671988,0.05099165067171474,2.704267065978829,0.0396,False,LOW,NORMAL,Multi-factor anomaly (risk score > threshold)
T0506,2026-07-22 19:34:37,1884.88,149.9672,Goldman Sachs,AAPL,BUY,Bob Wilson,Equities,CBOE,4.252140332528959,0.0025393410100618664,5,4.25214033252896,-0.27276918822926627,-1.3753482282573621,3.2016179353146024,0.6516,False,LOW,NORMAL,4.25x normal quantity for AAPL
T0505,2026-07-22 19:33:09,238.95,418.2103,UBS,MSFT,BUY,Jane Doe,Equities,NYSE,-0.2741156379037127,0.004042481347466995,11,-0.2741156379037128,-0.2022748782145218,0.7641615901362532,3.410858999565725,0.0498,False,LOW,NORMAL,Multi-factor anomaly (risk score > threshold)
T0504,2026-07-22 19:32:39,198.82,149.1878,Morgan Stanley,AAPL,BUY,Alice Johnson,Equities,NYSE,-0.3870692152184277,0.007723280148865146,9,-0.3870692152184278,-0.029652691615768473,0.05099165067171474,2.85714467013203,0.07,False,LOW,NORMAL,Multi-factor anomaly (risk score > threshold)
T0503,2026-07-22 19:32:06,196.16,179.668,Bank of America,GOOGL,SELL,Jane Doe,Equities,CME,-0.3283197776610094,0.001241150438692324,10,-0.3283197776610095,-0.33365175941641523,0.40757662040398396,3.1317002561960114,0.0632,False,LOW,NORMAL,Multi-factor anomaly (risk score > threshold)
T0502,2026-07-22 19:30:28,278.53,419.3588,Morgan Stanley,MSFT,SELL,Bob Wilson,Equities,NASDAQ,-0.18163535914729984,0.0013073569132472014,8,-0.1816353591472999,-0.3305468066544451,-0.3055933190605545,2.473046350732894,0.0283,False,LOW,NORMAL,Multi-factor anomaly (risk score > threshold)
T0501,2026-07-22 19:29:02,1531355.8,0.0067,UBS,JPYUSD,BUY,Alice Johnson,FX,NASDAQ,-0.5110371513115294,0.003169293071573326,10,-0.5110371513115295,-0.2432256820019783,0.40757662040398396,3.205365648446084,0.0817,False,LOW,NORMAL,Multi-factor anomaly (risk score > threshold)
T0500,2026-07-22 19:28:30,416.41,149.8091,JPMorgan Chase,AAPL,SELL,Bob Wilson,Equities,CBOE,0.21163166464015024,0.0035908944843302372,10,0.21163166464015024,-0.22345340927803126,0.40757662040398396,3.085729934201359,0.151,False,LOW,NORMAL,Multi-factor anomaly (risk score > threshold)
T0499,2026-07-22 19:26:44,2131329.13,1.1011,JPMorgan Chase,EURUSD,BUY,Alice Johnson,FX,NYSE,-0.30955605735532193,0.0026501124132651066,9,-0.30955605735532205,-0.26757422842154954,0.05099165067171474,2.824617456666108,0.0339,False,LOW,NORMAL,Multi-factor anomaly (risk score > threshold)
T0498,2026-07-22 19:26:09,388.2,150.7043,JPMorgan Chase,AAPL,SELL,Alice Johnson,Equities,CME,0.1340115910117183,0.0023632527020397234,8,0.1340115910117183,-0.28102738173707525,-0.3055933190605545,2.4543136122152993,0.085,False,LOW,NORMAL,Multi-factor anomaly (risk score > threshold)
T0497,2026-07-22 19:24:52,363.76,421.2023,Goldman Sachs,MSFT,SELL,Alice Johnson,Equities,NYSE,0.017508000084864667,0.0030828928860426544,4,0.017508000084864642,-0.24727767988438826,-1.7319331979896313,1.2079280678997586,0.2127,False,LOW,NORMAL,Multi-factor anomaly (risk score > threshold)
T0496,2026-07-22 19:22:58,209.5,416.331,UBS,MSFT,BUY,John Smith,Equities,CBOE,-0.3429267599192852,0.00851798796412303,10,-0.3429267599192853,0.00761753372901941,0.40757662040398396,3.1397261003569508,0.0896,False,LOW,NORMAL,Multi-factor anomaly (risk score > threshold)
T0495,2026-07-22 19:21:49,1586.31,177.4422,JPMorgan Chase,GOOGL,SELL,Bob Wilson,Equities,NYSE,2.906285109317695,0.011162630716808009,7,2.9062851093176953,0.13164605019333045,-0.6621782887928237,3.2658628329421204,0.6458,False,LOW,NORMAL,2.91x normal quantity for GOOGL
T0494,2026-07-22 19:20:25,169.81,180.5246,Goldman Sachs,GOOGL,SELL,Bob Wilson,Equities,NASDAQ,-0.389631030958775,0.006014750464661166,3,-0.3896310309587751,-0.10977935592682493,-2.0885181677219005,1.0576568375229083,0.3314,False,LOW,NORMAL,Multi-factor anomaly (risk score > threshold)
T0493,2026-07-22 19:19:16,2215446.63,1.2713,Morgan Stanley,GBPUSD,BUY,Jane Doe,FX,CBOE,-0.2101299726601083,0.001498231153579654,8,-0.21012997266010836,-0.32159518215406535,-0.3055933190605545,2.4845014584101173,0.0217,False,LOW,NORMAL,Multi-factor anomaly (risk score > threshold)
T0492,2026-07-22 19:18:45,2213856.9,0.0067,Bank of America,JPYUSD,SELL,Bob Wilson,FX,CME,-0.31775924880206297,0.003169293071573326,14,-0.3177592488020631,-0.2432256820019783,1.8339164993330608,4.328054487442297,0.2258,False,LOW,NORMAL,Multi-factor anomaly (risk score > threshold)
T0491,2026-07-22 19:18:03,1223340.05,1.0985,Morgan Stanley,EURUSD,SELL,Alice Johnson,FX,NYSE,-0.5524072482597706,0.0002825796802940551,7,-0.5524072482597707,-0.37860683282642627,-0.6621782887928237,2.3210476732079965,0.1918,False,LOW,NORMAL,Multi-factor anomaly (risk score > threshold)
T0490,2026-07-22 19:16:30,160.47,418.9875,Goldman Sachs,MSFT,SELL,Jane Doe,Equities,CME,-0.4574873477774692,0.0021915987090031838,3,-0.4574873477774693,-0.2890776146389984,-2.0885181677219005,1.0836524187236884,0.3486,False,LOW,NORMAL,Multi-factor anomaly (risk score > threshold)
T0489,2026-07-22 19:14:33,3727619.27,1.2662,Bank of America,GBPUSD,SELL,Alice Johnson,FX,CBOE,0.15311998489596118,0.0025194208395638686,13,0.15311998489596118,-0.27370340484210537,1.4773315296007916,3.9620038202102537,0.2544,False,LOW,NORMAL,Multi-factor anomaly (risk score > threshold)
T0488,2026-07-22 19:13:45,3149739.96,1.2761,Bank of America,GBPUSD,SELL,Jane Doe,FX,CBOE,0.014303404515277464,0.00527955067653812,12,0.014303404515277438,-0.1442587724503613,1.1207465598685225,3.607305227009072,0.1499,False,LOW,NORMAL,Multi-factor anomaly (risk score > threshold)
T0487,2026-07-22 19:12:56,2375148.15,1.2708,JPMorgan Chase,GBPUSD,BUY,Alice Johnson,FX,CME,-0.17176691223491783,0.0011043437032713422,8,-0.17176691223491788,-0.340067724831541,-0.3055933190605545,2.4690380680049486,0.0316,False,LOW,NORMAL,Multi-factor anomaly (risk score > threshold)
T0486,2026-07-22 19:11:52,2623238.75,1.2696,Morgan Stanley,GBPUSD,BUY,Bob Wilson,FX,CBOE,-0.11217126982198551,0.0001590138225318132,6,-0.11217126982198555,-0.3844018272574629,-1.018763258525093,1.8449162120755536,0.1228,False,LOW,NORMAL,Multi-factor anomaly (risk score > threshold)
T0485,2026-07-22 19:10:21,2613332.83,0.0067,Citigroup,JPYUSD,SELL,Jane Doe,FX,CME,-0.20463141669539162,0.003169293071573326,13,-0.20463141669539167,-0.2432256820019783,1.4773315296007916,3.9828033545996284,0.134,False,LOW,NORMAL,Multi-factor anomaly (risk score > threshold)
T0484,2026-07-22 19:09:30,1764804.12,0.0068,Bank of America,JPYUSD,BUY,Jane Doe,FX,NYSE,-0.44492677927848984,0.011708777181089668,11,-0.44492677927848995,0.15725923959984373,0.7641615901362532,3.4814833448657225,0.2434,False,LOW,NORMAL,Multi-factor anomaly (risk score > threshold)
T0483,2026-07-22 19:07:55,2892309.25,1.1044,UBS,EURUSD,SELL,Jane Doe,FX,CME,-0.10602395276590293,0.005655057805113128,10,-0.10602395276590297,-0.1266482305230452,0.40757662040398396,3.044106098447895,0.0567,False,LOW,NORMAL,Multi-factor anomaly (risk score > threshold)
T0482,2026-07-22 19:06:46,2922160.65,1.0971,JPMorgan Chase,EURUSD,SELL,John Smith,FX,NASDAQ,-0.09803988313351811,0.0009922456374596813,7,-0.09803988313351815,-0.3453249024926915,-0.6621782887928237,2.139513626944645,0.0551,False,LOW,NORMAL,Multi-factor anomaly (risk score > threshold)
T0481,2026-07-22 19:05:31,325.86,151.6098,Citigroup,AAPL,SELL,Alice Johnson,Equities,CBOE,-0.037517490519527276,0.008385907167252162,12,-0.03751749051952731,0.0014232054883954895,1.1207465598685225,3.6175227683579863,0.1533,False,LOW,NORMAL,Multi-factor anomaly (risk score > threshold)
T0480,2026-07-22 19:03:57,170.58,424.9784,Bank of America,MSFT,BUY,Alice Johnson,Equities,CBOE,-0.43386492184954256,0.012075581937899751,11,-0.4338649218495427,0.17446165749655926,0.7641615901362532,3.477168643321187,0.2293,False,LOW,NORMAL,Multi-factor anomaly (risk score > threshold)
T0479,2026-07-22 19:02:44,2969131.01,1.1029,Citigroup,EURUSD,BUY,Jane Doe,FX,NYSE,-0.08547716832288332,0.004289173536091282,11,-0.08547716832288337,-0.19070550229509345,0.7641615901362532,3.3354776193899807,0.0669,False,LOW,NORMAL,Multi-factor anomaly (risk score > threshold)
T0478,2026-07-22 19:01:43,277.57,176.976,Citigroup,GOOGL,SELL,Alice Johnson,Equities,NASDAQ,-0.13889476320290323,0.013760637175022789,10,-0.13889476320290328,0.2534874166500804,0.40757662040398396,3.0596860964336683,0.2186,False,LOW,NORMAL,Multi-factor anomaly (risk score > threshold)
T0477,2026-07-22 19:00:53,1260724.74,1.0965,Bank of America,GBPUSD,BUY,John Smith,FX,CME,-0.4394706424002713,0.13620482147416027,10,-0.4394706424002714,5.995877579891039,0.40757662040398396,3.2166497034023567,0.8613,True,HIGH,PRICE_ANOMALY,Price 13.6% away from average
T0476,2026-07-22 18:59:41,1726199.07,0.0067,Citigroup,JPYUSD,BUY,Jane Doe,FX,CBOE,-0.45585936691867546,0.003169293071573326,9,-0.45585936691867557,-0.2432256820019783,0.05099165067171474,2.883294534688942,0.0492,False,LOW,NORMAL,Multi-factor anomaly (risk score > threshold)
T0475,2026-07-22 18:58:14,3411097.79,1.098,UBS,EURUSD,BUY,Alice Johnson,FX,CBOE,0.03273147672294097,0.00017271507604649282,10,0.03273147672294095,-0.38375926555592427,0.40757662040398396,3.0131444052119902,0.1428,False,LOW,NORMAL,Multi-factor anomaly (risk score > threshold)
T0474,2026-07-22 18:56:57,2490120.26,1.2693,Bank of America,GBPUSD,BUY,Jane Doe,FX,CBOE,-0.14414862780567983,7.731864765306904e-05,9,-0.14414862780567989,-0.38823316944242,0.05099165067171474,2.7576826467165674,0.0867,False,LOW,NORMAL,Multi-factor anomaly (risk score > threshold)
T0473,2026-07-22 18:56:15,196.95,180.1805,Citigroup,GOOGL,BUY,John Smith,Equities,CBOE,-0.3264816034634673,0.004097174269312236,10,-0.3264816034634674,-0.19970988831156541,0.40757662040398396,3.1318217936661807,0.0368,False,LOW,NORMAL,Multi-factor anomaly (risk score > threshold)
T0472,2026-07-22 18:56:14,255.1,148.2825,Bank of America,AAPL,SELL,Bob Wilson,Equities,CME,-0.2322142792450798,0.013744604375653417,8,-0.23221427924507987,0.25273551005757966,-0.3055933190605545,2.497009093010728,0.193,False,LOW,NORMAL,Multi-factor anomaly (risk score > threshold)
T0471,2026-07-22 18:55:27,2250522.01,0.0067,Morgan Stanley,JPYUSD,SELL,John Smith,FX,NASDAQ,-0.3073760339529164,0.003169293071573326,9,-0.3073760339529165,-0.2432256820019783,0.05099165067171474,2.8239012015026383,0.0144,False,LOW,NORMAL,Multi-factor anomaly (risk score > threshold)
T0470,2026-07-22 18:54:08,1787931.75,1.1047,JPMorgan Chase,EURUSD,BUY,Jane Doe,FX,NASDAQ,-0.40140128382706264,0.005928234658917456,8,-0.40140128382706275,-0.11383677616863744,-0.3055933190605545,2.5623389839285,0.0464,False,LOW,NORMAL,Multi-factor anomaly (risk score > threshold)
T0469,2026-07-22 18:53:02,1355552.71,1.2724,UBS,GBPUSD,BUY,Alice Johnson,FX,NASDAQ,-0.4166913279447285,0.0023647835442575558,9,-0.41669132794472863,-0.2809555882636369,0.05099165067171474,2.8673859662411685,0.0459,False,LOW,NORMAL,Multi-factor anomaly (risk score > threshold)
T0468,2026-07-22 18:52:10,189.02,181.0569,UBS,GOOGL,SELL,Jane Doe,Equities,NASDAQ,-0.3449331495223394,0.008981114337908136,8,-0.3449331495223395,0.029337245027547573,-0.3055933190605545,2.540667594110308,0.0814,False,LOW,NORMAL,Multi-factor anomaly (risk score > threshold)
T0467,2026-07-22 18:51:20,2883094.07,1.1034,Morgan Stanley,EURUSD,BUY,Alice Johnson,FX,CBOE,-0.10848864918868249,0.00474446829243183,8,-0.10848864918868253,-0.16935307837108055,-0.3055933190605545,2.4448188001632025,0.0345,False,LOW,NORMAL,Multi-factor anomaly (risk score > threshold)
T0466,2026-07-22 18:50:13,313.8,179.7743,JPMorgan Chase,GOOGL,SELL,Jane Doe,Equities,NASDAQ,-0.054594698421952616,0.001833531576633624,7,-0.05459469842195265,-0.3058702552243246,-0.6621782887928237,2.1223879388417712,0.0651,False,LOW,NORMAL,Multi-factor anomaly (risk score > threshold)
T0465,2026-07-22 18:48:14,3730400.18,1.0978,Citigroup,EURUSD,SELL,Jane Doe,FX,NYSE,0.11813224571692135,0.000354832978582712,9,0.11813224571692134,-0.37521829598631906,0.05099165067171474,2.747359348180343,0.1489,False,LOW,NORMAL,Multi-factor anomaly (risk score > threshold)
T0464,2026-07-22 18:46:48,290.61,151.7301,UBS,AAPL,SELL,Bob Wilson,Equities,NASDAQ,-0.13450818869046743,0.009186045579361446,7,-0.1345081886904675,0.03894811508885876,-0.6621782887928237,2.1565590891499955,0.1005,False,LOW,NORMAL,Multi-factor anomaly (risk score > threshold)
T0463,2026-07-22 18:44:53,1899264.41,1.105,UBS,EURUSD,BUY,John Smith,FX,NASDAQ,-0.37162419766699556,0.006201411512721785,7,-0.37162419766699567,-0.1010253218142297,-0.6621782887928237,2.250510102520615,0.073,False,LOW,NORMAL,Multi-factor anomaly (risk score > threshold)
T0462,2026-07-22 18:44:18,3576576.84,1.0927,Morgan Stanley,EURUSD,SELL,Bob Wilson,FX,NASDAQ,0.0769905820882134,0.004998839493256908,9,0.07699058208821338,-0.1574235719613587,0.05099165067171474,2.7322958846832623,0.0841,False,LOW,NORMAL,Multi-factor anomaly (risk score > threshold)
T0461,2026-07-22 18:43:10,2348881.35,0.0067,Bank of America,JPYUSD,SELL,Bob Wilson,FX,NYSE,-0.2795215925059861,0.003169293071573326,8,-0.27952159250598624,-0.2432256820019783,-0.3055933190605545,2.5127594249238663,0.0088,False,LOW,NORMAL,Multi-factor anomaly (risk score > threshold)
T0460,2026-07-22 18:41:22,317.28,181.8358,Citigroup,GOOGL,BUY,Bob Wilson,Equities,NASDAQ,-0.04649742474164059,0.0133217132875079,9,-0.046497424741640626,0.23290275410768202,0.05099165067171474,2.7225954838829085,0.2267,False,LOW,NORMAL,Multi-factor anomaly (risk score > threshold)
T0459,2026-07-22 18:40:23,193.69,419.6855,Citigroup,MSFT,SELL,John Smith,Equities,CME,-0.3798674675276451,0.0005293289178970172,9,-0.3798674675276452,-0.36703478142268764,0.05099165067171474,2.852105785686427,0.075,False,LOW,NORMAL,Multi-factor anomaly (risk score > threshold)
T0458,2026-07-22 18:38:59,235.45,149.204,UBS,AAPL,BUY,John Smith,Equities,CBOE,-0.28628143439568904,0.007615530836511279,7,-0.28628143439568915,-0.034705921337526514,-0.6621782887928237,2.216797233009229,0.0734,False,LOW,NORMAL,Multi-factor anomaly (risk score > threshold)
T0457,2026-07-22 18:37:26,248.0,418.0235,UBS,MSFT,SELL,Bob Wilson,Equities,CME,-0.2529699450602175,0.004487340941992281,7,-0.25296994506021764,-0.18141184274862782,-0.6621782887928237,2.2025341803066847,0.045,False,LOW,NORMAL,Multi-factor anomaly (risk score > threshold)
T0456,2026-07-22 18:35:38,190.0,179.9085,Goldman Sachs,GOOGL,SELL,Alice Johnson,Equities,CME,-0.34265288279627454,0.0025813918655490974,8,-0.34265288279627465,-0.270797086244285,-0.3055933190605545,2.5378355706781743,0.0401,False,LOW,NORMAL,Multi-factor anomaly (risk score > threshold)
T0455,2026-07-22 18:34:18,2299822.33,1.2713,Morgan Stanley,GBPUSD,SELL,John Smith,FX,NYSE,-0.189861473790982,0.001498231153579654,8,-0.18986147379098206,-0.32159518215406535,-0.3055933190605545,2.4763940588624664,0.0242,False,LOW,NORMAL,Multi-factor anomaly (risk score > threshold)
T0454,2026-07-22 18:32:38,1677698.14,1.2732,JPMorgan Chase,GBPUSD,SELL,Alice Johnson,FX,NYSE,-0.3393064377020498,0.00299500346475075,10,-0.33930643770204993,-0.2513995199796808,0.40757662040398396,3.136621076120245,0.0335,False,LOW,NORMAL,Multi-factor anomaly (risk score > threshold)
T0453,2026-07-22 18:32:00,290.3,181.9215,Citigroup,GOOGL,BUY,Alice Johnson,Equities,NYSE,-0.1092745637918764,0.013799296199281831,8,-0.10927456379187644,0.25530044845633815,-0.3055933190605545,2.447849614376535,0.2147,False,LOW,NORMAL,Multi-factor anomaly (risk score > threshold)
T0452,2026-07-22 18:31:28,2765963.18,1.2698,Bank of America,GBPUSD,SELL,John Smith,FX,NYSE,-0.07788639931955778,0.00031656880265506804,8,-0.07788639931955782,-0.37701281018647587,-0.3055933190605545,2.4312495303686195,0.07,False,LOW,NORMAL,Multi-factor anomaly (risk score > threshold)
T0451,2026-07-22 18:29:50,274.59,181.3309,Bank of America,GOOGL,BUY,John Smith,Equities,NYSE,-0.14582863549236597,0.010508042200522528,7,-0.14582863549236602,0.10094714294506911,-0.6621782887928237,2.161483866857103,0.1281,False,LOW,NORMAL,Multi-factor anomaly (risk score > threshold)
T0450,2026-07-22 18:28:33,3903223.88,0.0067,JPMorgan Chase,JPYUSD,SELL,John Smith,FX,NASDAQ,0.16065361597302952,0.003169293071573326,9,0.16065361597302952,-0.2432256820019783,0.05099165067171474,2.7652122343106837,0.1018,False,LOW,NORMAL,Multi-factor anomaly (risk score > threshold)
T0449,2026-07-22 18:27:35,1947260.36,0.0067,Citigroup,JPYUSD,BUY,Alice Johnson,FX,NYSE,-0.3932568854615219,0.003169293071573326,8,-0.393256885461522,-0.2432256820019783,-0.3055933190605545,2.5582535421060806,0.0268,False,LOW,NORMAL,Multi-factor anomaly (risk score > threshold)
T0448,2026-07-22 18:26:57,2579312.11,1.095,Morgan Stanley,EURUSD,BUY,Alice Johnson,FX,CBOE,-0.18973831659799495,0.0029044836140901848,9,-0.189738316597995,-0.25564472201182775,0.05099165067171474,2.7767666717234247,0.0131,False,LOW,NORMAL,Multi-factor anomaly (risk score > threshold)
T0447,2026-07-22 18:25:49,1758798.36,0.0067,Citigroup,JPYUSD,SELL,John Smith,FX,NASDAQ,-0.44662755411354177,0.003169293071573326,7,-0.4466275541135419,-0.2432256820019783,-0.6621782887928237,2.2796018095668886,0.0643,False,LOW,NORMAL,Multi-factor anomaly (risk score > threshold)
T0446,2026-07-22 18:24:02,2964674.85,1.2716,UBS,GBPUSD,SELL,John Smith,FX,NASDAQ,-0.030152427824480566,0.0017345636237645363,6,-0.030152427824480597,-0.3105116565475849,-1.018763258525093,1.8125813402169215,0.1098,False,LOW,NORMAL,Multi-factor anomaly (risk score > threshold)
T0445,2026-07-22 18:23:15,7295946.17,1.0965,Bank of America,EURUSD,SELL,Alice Johnson,FX,CME,1.0717748709080543,0.0015385993450683388,7,1.0717748709080546,-0.319701993783876,-0.6621782887928237,2.529171528166742,0.304,False,LOW,NORMAL,Multi-factor anomaly (risk score > threshold)
T0444,2026-07-22 18:22:14,2143976.67,0.0067,Bank of America,JPYUSD,BUY,Alice Johnson,FX,NYSE,-0.33754867372940606,0.003169293071573326,6,-0.33754867372940617,-0.2432256820019783,-1.018763258525093,1.9359702574132343,0.073,False,LOW,NORMAL,Multi-factor anomaly (risk score > threshold)
T0443,2026-07-22 18:21:03,1460381.54,1.2755,JPMorgan Chase,GBPUSD,BUY,Bob Wilson,FX,NYSE,-0.3915096343729202,0.004806885736168355,8,-0.3915096343729203,-0.1664258236633223,-0.3055933190605545,2.5580459194700187,0.0438,False,LOW,NORMAL,Multi-factor anomaly (risk score > threshold)
T0442,2026-07-22 18:19:09,229.64,150.1866,Bank of America,AAPL,SELL,John Smith,Equities,CME,-0.30226770266159436,0.001080069458799992,6,-0.3022677026615945,-0.34120613890543317,-1.018763258525093,1.9212311019022776,0.1092,False,LOW,NORMAL,Multi-factor anomaly (risk score > threshold)
T0441,2026-07-22 18:17:45,2251518.71,1.098,UBS,EURUSD,SELL,Alice Johnson,FX,NASDAQ,-0.27741009516235643,0.00017271507604649282,7,-0.27741009516235654,-0.38375926555592427,-0.6621782887928237,2.2110158525877566,0.0994,False,LOW,NORMAL,Multi-factor anomaly (risk score > threshold)
T0440,2026-07-22 18:16:49,361.58,150.1023,Goldman Sachs,AAPL,BUY,John Smith,Equities,NYSE,0.06076641696035867,0.00164076495456731,10,0.06076641696035865,-0.3149106286866564,0.40757662040398396,3.0247987962705136,0.0996,False,LOW,NORMAL,Multi-factor anomaly (risk score > threshold)
T0439,2026-07-22 18:15:09,3094877.03,1.2699,Citigroup,GBPUSD,SELL,Alice Johnson,FX,NASDAQ,0.0011243821822840092,0.0003953462927166954,8,0.001124382182283981,-0.3733183016509824,-0.3055933190605545,2.4005683567607283,0.0896,False,LOW,NORMAL,Multi-factor anomaly (risk score > threshold)
T0438,2026-07-22 18:13:22,2087832.15,1.1028,JPMorgan Chase,EURUSD,SELL,Alice Johnson,FX,NASDAQ,-0.3211897803002576,0.004198114584823172,8,-0.3211897803002577,-0.19497598707989605,-0.3055933190605545,2.52973534649555,0.0342,False,LOW,NORMAL,Multi-factor anomaly (risk score > threshold)
T0437,2026-07-22 18:11:36,3249497.28,1.0992,Morgan Stanley,EURUSD,SELL,Bob Wilson,FX,NASDAQ,-0.01049027249045963,0.0009199923391708223,9,-0.01049027249045966,-0.34871343933280813,0.05099165067171474,2.704472106697935,0.0712,False,LOW,NORMAL,Multi-factor anomaly (risk score > threshold)
T0436,2026-07-22 18:10:27,2512.13,152.0543,Morgan Stanley,AAPL,BUY,Alice Johnson,Equities,NYSE,5.9780244581380995,0.011342362064863323,8,5.9780244581381,0.14007509507615992,-0.3055933190605545,4.794612491874698,0.8516,True,HIGH,SIZE_ANOMALY,5.98x normal quantity for AAPL
T0435,2026-07-22 18:08:29,239.95,411.9113,Morgan Stanley,MSFT,SELL,Jane Doe,Equities,NASDAQ,-0.27177909725802263,0.019043394548295237,7,-0.27177909725802274,0.5012382930898857,-0.6621782887928237,2.2144246572676978,0.3554,False,LOW,NORMAL,Multi-factor anomaly (risk score > threshold)
T0434,2026-07-22 18:07:57,144.47,179.4645,Goldman Sachs,GOOGL,BUY,John Smith,Equities,NASDAQ,-0.4485922134470247,0.00010710000058262462,9,-0.4485922134470248,-0.38683648286976186,0.05099165067171474,2.8794690153789846,0.119,False,LOW,NORMAL,Multi-factor anomaly (risk score > threshold)
T0433,2026-07-22 18:06:40,1681.58,150.6815,Bank of America,AAPL,SELL,John Smith,Equities,NASDAQ,3.692758518680671,0.002211605521689886,6,3.6927585186806713,-0.2881393346788065,-1.018763258525093,3.2777668891287752,0.5881,False,LOW,NORMAL,3.69x normal quantity for AAPL
T0432,2026-07-22 18:05:28,3812187.93,1.2753,Goldman Sachs,GBPUSD,SELL,Alice Johnson,FX,NYSE,0.17343483608621532,0.004649330756045101,9,0.17343483608621532,-0.17381484073430925,0.05099165067171474,2.770768733661299,0.1263,False,LOW,NORMAL,Multi-factor anomaly (risk score > threshold)
T0431,2026-07-22 18:04:09,304.6,179.5351,JPMorgan Chase,GOOGL,BUY,Jane Doe,Equities,CME,-0.07600128401358233,0.0005005346980300543,8,-0.07600128401358237,-0.36838517340633875,-0.3055933190605545,2.430550674014842,0.0594,False,LOW,NORMAL,Multi-factor anomaly (risk score > threshold)
T0430,2026-07-22 18:03:40,2210962.5,1.1014,Morgan Stanley,EURUSD,SELL,John Smith,FX,NASDAQ,-0.28825727836534265,0.0029232892670694355,6,-0.28825727836534276,-0.25476277406714176,-1.018763258525093,1.9161798981262577,0.0828,False,LOW,NORMAL,Multi-factor anomaly (risk score > threshold)
T0429,2026-07-22 18:02:54,2532834.82,1.0992,UBS,EURUSD,BUY,John Smith,FX,NASDAQ,-0.20216915467207336,0.0009199923391708223,10,-0.20216915467207341,-0.34871343933280813,0.40757662040398396,3.081143659570581,0.0533,False,LOW,NORMAL,Multi-factor anomaly (risk score > threshold)
T0428,2026-07-22 18:01:02,2338817.23,1.1009,Goldman Sachs,EURUSD,BUY,Jane Doe,FX,NYSE,-0.2540611915101277,0.0024679945107288874,9,-0.2540611915101278,-0.2761151979911547,0.05099165067171474,2.8023648749572696,0.0252,False,LOW,NORMAL,Multi-factor anomaly (risk score > threshold)
T0427,2026-07-22 18:00:03,339.24,423.406,JPMorgan Chase,MSFT,SELL,Jane Doe,Equities,CBOE,-0.03978397654745575,0.00833095010475442,9,-0.03978397654745579,-0.0011541720889393058,0.05099165067171474,2.7184128756504085,0.0813,False,LOW,NORMAL,Multi-factor anomaly (risk score > threshold)
T0426,2026-07-22 17:58:35,3824281.95,1.0979,Citigroup,EURUSD,SELL,Alice Johnson,FX,NYSE,0.14324190854317204,0.0002637740273146024,9,0.14324190854317204,-0.3794887807711217,0.05099165067171474,2.757375895625463,0.1676,False,LOW,NORMAL,Multi-factor anomaly (risk score > threshold)
T0425,2026-07-22 17:57:00,390.38,421.6439,Citigroup,MSFT,BUY,Bob Wilson,Equities,NASDAQ,0.07970671207313428,0.0041345523985820455,8,0.07970671207313426,-0.19795692794788716,-0.3055933190605545,2.4331230505488284,0.0708,False,LOW,NORMAL,Multi-factor anomaly (risk score > threshold)
T0424,2026-07-22 17:56:02,190.21,150.0442,Goldman Sachs,AAPL,BUY,Alice Johnson,Equities,CME,-0.41075970915464877,0.0020271992167749118,9,-0.4107597091546489,-0.2967876257956498,0.05099165067171474,2.8649120434268918,0.0535,False,LOW,NORMAL,Multi-factor anomaly (risk score > threshold)
T0423,2026-07-22 17:54:04,2791127.69,0.0067,Goldman Sachs,JPYUSD,SELL,John Smith,FX,NYSE,-0.1542815819218444,0.003169293071573326,8,-0.15428158192184446,-0.2432256820019783,-0.3055933190605545,2.46266342069021,0.0004,False,LOW,NORMAL,Multi-factor anomaly (risk score > threshold)
T0422,2026-07-22 17:52:05,2279301.35,0.0067,Goldman Sachs,JPYUSD,SELL,John Smith,FX,NASDAQ,-0.299225995116632,0.003169293071573326,8,-0.2992259951166321,-0.2432256820019783,-0.3055933190605545,2.520641185968125,0.0232,False,LOW,NORMAL,Multi-factor anomaly (risk score > threshold)
T0421,2026-07-22 17:50:39,3540443.06,1.1038,Morgan Stanley,EURUSD,BUY,John Smith,FX,CME,0.06732622411501034,0.005108704097504268,7,0.06732622411501032,-0.1522711392318702,-0.6621782887928237,2.1284631008752557,0.0924,False,LOW,NORMAL,Multi-factor anomaly (risk score > threshold)
T0420,2026-07-22 17:48:43,209.81,177.5414,Bank of America,GOOGL,SELL,John Smith,Equities,CBOE,-0.2965589196908196,0.010609815957788515,6,-0.2965589196908197,0.10572013094727997,-1.018763258525093,1.9218065126636643,0.1978,False,LOW,NORMAL,Multi-factor anomaly (risk score > threshold)
T0419,2026-07-22 17:47:08,135.82,181.6023,Morgan Stanley,GOOGL,SELL,Bob Wilson,Equities,CME,-0.46871905750872006,0.012020480966630354,7,-0.46871905750872017,0.1718775308823511,-0.6621782887928237,2.2910937672934772,0.2255,False,LOW,NORMAL,Multi-factor anomaly (risk score > threshold)
T0418,2026-07-22 17:45:30,200.29,179.2853,UBS,GOOGL,BUY,Jane Doe,Equities,NYSE,-0.318710082172593,0.0008915331124847769,14,-0.3187100821725931,-0.3500481207985782,1.8339164993330608,4.327751492802783,0.2827,False,LOW,NORMAL,Multi-factor anomaly (risk score > threshold)
T0417,2026-07-22 17:44:08,1913482.1,0.0067,Citigroup,JPYUSD,BUY,Alice Johnson,FX,CBOE,-0.4028225714995655,0.003169293071573326,7,-0.40282257149956563,-0.2432256820019783,-0.6621782887928237,2.2620798165212985,0.0478,False,LOW,NORMAL,Multi-factor anomaly (risk score > threshold)
T0416,2026-07-22 17:43:23,281.54,179.5637,UBS,GOOGL,BUY,Bob Wilson,Equities,NASDAQ,-0.1296573561595586,0.0006599147596022771,13,-0.12965735615955865,-0.36091056362370394,1.4773315296007916,3.9520609168917042,0.2002,False,LOW,NORMAL,Multi-factor anomaly (risk score > threshold)
T0415,2026-07-22 17:42:10,386.44,150.0479,Bank of America,AAPL,SELL,John Smith,Equities,CBOE,0.12916893487609124,0.0020025898059285938,5,0.12916893487609124,-0.2979417585098815,-1.3753482282573621,1.552268350892215,0.1944,False,LOW,NORMAL,Multi-factor anomaly (risk score > threshold)
T0414,2026-07-22 17:40:37,245.48,421.5281,Citigroup,MSFT,BUY,John Smith,Equities,NASDAQ,-0.25885802748735653,0.003858777553581953,7,-0.25885802748735665,-0.21089022295297288,-0.6621782887928237,2.2047008442610174,0.0296,False,LOW,NORMAL,Multi-factor anomaly (risk score > threshold)
T0413,2026-07-22 17:39:39,3095605.05,1.0993,JPMorgan Chase,EURUSD,SELL,Bob Wilson,FX,NASDAQ,-0.05165036147131095,0.0010110512904389318,12,-0.05165036147131098,-0.34444295454800555,1.1207465598685225,3.6209634599756555,0.1398,False,LOW,NORMAL,Multi-factor anomaly (risk score > threshold)
T0412,2026-07-22 17:39:22,305.3,151.3694,JPMorgan Chase,AAPL,BUY,Alice Johnson,Equities,NASDAQ,-0.0940885190129891,0.006786960581457567,11,-0.09408851901298915,-0.07356422816041747,0.7641615901362532,3.3396714957796325,0.0867,False,LOW,NORMAL,Multi-factor anomaly (risk score > threshold)
T0411,2026-07-22 17:37:32,14234967.48,1.2697,UBS,GBPUSD,BUY,Jane Doe,FX,CBOE,2.6771663076156624,0.0002377913125934406,12,2.677166307615663,-0.38070731872196945,1.1207465598685225,4.670937860440043,0.6161,False,LOW,NORMAL,2.68x normal quantity for GBPUSD
T0410,2026-07-22 17:36:11,3311456.54,1.1033,JPMorgan Chase,EURUSD,SELL,John Smith,FX,CBOE,0.0060813806384066695,0.0046534093411637195,11,0.006081380638406642,-0.17362356315588315,0.7641615901362532,3.3038285750577114,0.1045,False,LOW,NORMAL,Multi-factor anomaly (risk score > threshold)
T0409,2026-07-22 17:35:19,3227795.04,1.1027,JPMorgan Chase,EURUSD,BUY,Alice Johnson,FX,CBOE,-0.01629476391594473,0.004107055633555063,10,-0.01629476391594476,-0.19924647186469863,0.40757662040398396,3.0077500222564444,0.0626,False,LOW,NORMAL,Multi-factor anomaly (risk score > threshold)
T0408,2026-07-22 17:33:47,118.87,420.4472,Morgan Stanley,MSFT,SELL,Alice Johnson,Equities,CME,-0.5546874386381759,0.001284640852712777,7,-0.554687438638176,-0.3316121449823299,-0.6621782887928237,2.3222603677110842,0.1491,False,LOW,NORMAL,Multi-factor anomaly (risk score > threshold)
T0407,2026-07-22 17:33:01,1621247.61,0.0067,Goldman Sachs,JPYUSD,SELL,John Smith,FX,CBOE,-0.4855806348464578,0.003169293071573326,10,-0.4855806348464579,-0.2432256820019783,0.40757662040398396,3.195183041860055,0.0636,False,LOW,NORMAL,Multi-factor anomaly (risk score > threshold)
T0406,2026-07-22 17:31:18,1859545.22,1.2665,Citigroup,GBPUSD,SELL,John Smith,FX,CME,-0.29562363168877925,0.0022830883693789866,8,-0.29562363168877936,-0.28478693044858583,-0.3055933190605545,2.5189343791863252,0.0394,False,LOW,NORMAL,Multi-factor anomaly (risk score > threshold)
T0405,2026-07-22 17:30:02,341.3,181.1816,Goldman Sachs,GOOGL,SELL,Bob Wilson,Equities,NASDAQ,0.0093923780747667,0.009676033697280394,9,0.009392378074766674,0.061927589079789125,0.05099165067171474,2.7066597613390906,0.1231,False,LOW,NORMAL,Multi-factor anomaly (risk score > threshold)
T0404,2026-07-22 17:28:43,2369851.13,1.2679,Morgan Stanley,GBPUSD,BUY,John Smith,FX,CME,-0.17303934782810093,0.0011802035085160278,9,-0.173039347828101,-0.336510049945503,0.05099165067171474,2.769569800183795,0.0382,False,LOW,NORMAL,Multi-factor anomaly (risk score > threshold)
T0403,2026-07-22 17:26:49,2776362.7,1.2693,Bank of America,GBPUSD,BUY,Bob Wilson,FX,NYSE,-0.07538825519323401,7.731864765306904e-05,5,-0.07538825519323405,-0.38823316944242,-1.3753482282573621,1.5301784976715895,0.1991,False,LOW,NORMAL,Multi-factor anomaly (risk score > threshold)
T0402,2026-07-22 17:25:18,2010281.51,1.104,Goldman Sachs,EURUSD,BUY,Jane Doe,FX,CBOE,-0.3419315113345142,0.005290822000040689,8,-0.3419315113345143,-0.14373016966225552,-0.3055933190605545,2.538359851133818,0.0371,False,LOW,NORMAL,Multi-factor anomaly (risk score > threshold)
T0401,2026-07-22 17:23:52,300.79,179.4739,Citigroup,GOOGL,BUY,Bob Wilson,Equities,NYSE,-0.08486640261185509,0.00015948365718326089,7,-0.08486640261185513,-0.3843797929412047,-0.6621782887928237,2.133994406141897,0.0987,False,LOW,NORMAL,Multi-factor anomaly (risk score > threshold)
T0400,2026-07-22 17:22:43,1854989.98,1.2661,Morgan Stanley,GBPUSD,SELL,John Smith,FX,NYSE,-0.29671787892807444,0.002598198329625496,9,-0.29671787892807455,-0.27000889630661185,0.05099165067171474,2.819466611070117,0.0388,False,LOW,NORMAL,Multi-factor anomaly (risk score > threshold)
T0399,2026-07-22 17:21:46,356.52,418.2034,UBS,MSFT,SELL,Bob Wilson,Equities,CME,0.0005914458100685557,0.004058913527350495,13,0.0005914458100685274,-0.2015042414655106,1.4773315296007916,3.9014542523822326,0.1991,False,LOW,NORMAL,Multi-factor anomaly (risk score > threshold)
T0398,2026-07-22 17:21:02,291.19,183.7933,Citigroup,GOOGL,BUY,Bob Wilson,Equities,CBOE,-0.10720370931616442,0.024230331138119704,6,-0.10720370931616446,0.7444953642301149,-1.018763258525093,1.8501505830679015,0.501,False,LOW,NORMAL,Multi-factor anomaly (risk score > threshold)
T0397,2026-07-22 17:19:33,266.04,179.7272,Bank of America,GOOGL,BUY,John Smith,Equities,CME,-0.1657227992758913,0.0015710560206878641,5,-0.16572279927589137,-0.3181798398663511,-1.3753482282573621,1.5667604365165628,0.124,False,LOW,NORMAL,Multi-factor anomaly (risk score > threshold)
T0396,2026-07-22 17:17:56,1967439.16,1.098,UBS,EURUSD,SELL,John Smith,FX,CBOE,-0.35339014662850393,0.00017271507604649282,12,-0.35339014662850404,-0.38375926555592427,1.1207465598685225,3.7414078731742153,0.1863,False,LOW,NORMAL,Multi-factor anomaly (risk score > threshold)
T0395,2026-07-22 17:16:00,339.4,179.1471,UBS,GOOGL,BUY,Jane Doe,Equities,NASDAQ,0.004971452789538739,0.0016616843191027564,11,0.004971452789538712,-0.3139295518489348,0.7641615901362532,3.302487086411546,0.1122,False,LOW,NORMAL,Multi-factor anomaly (risk score > threshold)
T0394,2026-07-22 17:14:38,201.3,181.9027,Bank of America,GOOGL,BUY,Jane Doe,Equities,NYSE,-0.3163600113630771,0.013694528886080559,5,-0.31636001136307723,0.2503870685992238,-1.3753482282573621,1.630652363211055,0.3193,False,LOW,NORMAL,Multi-factor anomaly (risk score > threshold)
T0393,2026-07-22 17:13:34,407.48,149.7036,JPMorgan Chase,AAPL,SELL,John Smith,Equities,CBOE,0.1870606877701787,0.004292595253054631,10,0.1870606877701787,-0.190545030534477,0.40757662040398396,3.0761120536839877,0.1358,False,LOW,NORMAL,Multi-factor anomaly (risk score > threshold)
T0392,2026-07-22 17:12:11,197.82,178.4388,Citigroup,GOOGL,BUY,John Smith,Equities,CBOE,-0.3244572850433893,0.005608848571255249,7,-0.3244572850433894,-0.12881535223221607,-0.6621782887928237,2.2314655685887326,0.0606,False,LOW,NORMAL,Multi-factor anomaly (risk score > threshold)
T0391,2026-07-22 17:11:20,272.95,151.2656,UBS,AAPL,SELL,Alice Johnson,Equities,CBOE,-0.18309984059681653,0.006096566839338208,11,-0.18309984059681658,-0.10594232971094777,0.7641615901362532,3.3750689062905277,0.0665,False,LOW,NORMAL,Multi-factor anomaly (risk score > threshold)
T0390,2026-07-22 17:10:23,201.89,421.6393,UBS,MSFT,BUY,Jane Doe,Equities,CBOE,-0.3607078342329866,0.004123597611993136,10,-0.3607078342329867,-0.19847068578055704,0.40757662040398396,3.1455202129767925,0.0409,False,LOW,NORMAL,Multi-factor anomaly (risk score > threshold)
T0389,2026-07-22 17:08:49,2901356.08,0.0067,JPMorgan Chase,JPYUSD,BUY,Jane Doe,FX,CME,-0.12306593697094913,0.003169293071573326,11,-0.12306593697094917,-0.2432256820019783,0.7641615901362532,3.3501771627098513,0.0458,False,LOW,NORMAL,Multi-factor anomaly (risk score > threshold)
T0388,2026-07-22 17:07:37,136.77,180.1745,Goldman Sachs,GOOGL,BUY,Jane Doe,Equities,CBOE,-0.4665085948661061,0.004063737892758636,12,-0.4665085948661062,-0.20127798826596371,1.1207465598685225,3.78782255931427,0.1724,False,LOW,NORMAL,Multi-factor anomaly (risk score > threshold)
T0387,2026-07-22 17:06:49,2178066.68,1.1019,UBS,EURUSD,SELL,John Smith,FX,CME,-0.29705561001794173,0.0033785840234101857,10,-0.29705561001794184,-0.23341035014311934,0.40757662040398396,3.1198358192141997,0.0269,False,LOW,NORMAL,Multi-factor anomaly (risk score > threshold)
T0386,2026-07-22 17:05:32,1519319.21,0.0067,Citigroup,JPYUSD,BUY,Jane Doe,FX,CME,-0.514445800570214,0.003169293071573326,7,-0.5144458005702142,-0.2432256820019783,-0.6621782887928237,2.3067291081495576,0.0901,False,LOW,NORMAL,Multi-factor anomaly (risk score > threshold)
T0385,2026-07-22 17:04:57,327.67,149.0572,Goldman Sachs,AAPL,SELL,Jane Doe,Equities,NYSE,-0.03253725892550169,0.008591925839816909,11,-0.03253725892550172,0.011085073918908603,0.7641615901362532,3.315592481322146,0.1185,False,LOW,NORMAL,Multi-factor anomaly (risk score > threshold)
T0384,2026-07-22 17:04:07,2837206.77,0.0067,JPMorgan Chase,JPYUSD,SELL,Jane Doe,FX,NASDAQ,-0.14123241917036178,0.003169293071573326,11,-0.14123241917036183,-0.2432256820019783,0.7641615901362532,3.3574437555896166,0.0448,False,LOW,NORMAL,Multi-factor anomaly (risk score > threshold)
T0383,2026-07-22 17:02:23,238.64,150.4998,JPMorgan Chase,AAPL,BUY,John Smith,Equities,NYSE,-0.277504120149865,0.0010030839133750133,10,-0.2775041201498651,-0.344816608780263,0.40757662040398396,3.1113025732339583,0.0462,False,LOW,NORMAL,Multi-factor anomaly (risk score > threshold)
T0382,2026-07-22 17:01:07,166.64,420.8283,UBS,MSFT,BUY,Alice Johnson,Equities,CBOE,-0.4430708919935615,0.002192221106854016,9,-0.4430708919935616,-0.2890484254103167,0.05099165067171474,2.8778860231294807,0.0628,False,LOW,NORMAL,Multi-factor anomaly (risk score > threshold)
T0381,2026-07-22 17:00:10,155.49,417.929,Goldman Sachs,MSFT,SELL,Alice Johnson,Equities,NYSE,-0.4691233201930057,0.004712390362134978,11,-0.4691233201930058,-0.17085746988177697,0.7641615901362532,3.4890630451858424,0.1297,False,LOW,NORMAL,Multi-factor anomaly (risk score > threshold)
T0380,2026-07-22 16:58:44,2035049.36,1.106,Bank of America,GBPUSD,SELL,Jane Doe,FX,CME,-0.2534645092978898,0.1287209599183048,8,-0.2534645092978899,5.644899269019117,-0.3055933190605545,2.5400020916946473,0.7497,True,MEDIUM,PRICE_ANOMALY,Price 12.9% away from average
T0379,2026-07-22 16:57:19,233.26,151.7878,UBS,AAPL,BUY,Alice Johnson,Equities,NYSE,-0.2923072394735432,0.009569819364720716,8,-0.2923072394735433,0.056946346875620224,-0.3055933190605545,2.5197938415988332,0.1041,False,LOW,NORMAL,Multi-factor anomaly (risk score > threshold)
T0378,2026-07-22 16:55:43,262.36,180.0733,JPMorgan Chase,GOOGL,BUY,John Smith,Equities,CME,-0.17428543351254322,0.003499777674887888,10,-0.17428543351254328,-0.2277266074968162,0.40757662040398396,3.070764106707484,0.0224,False,LOW,NORMAL,Multi-factor anomaly (risk score > threshold)
T0377,2026-07-22 16:54:42,2576392.22,1.2759,Morgan Stanley,GBPUSD,SELL,John Smith,FX,CME,-0.12342461456848816,0.005121995696414865,8,-0.1234246145684882,-0.1516477895213483,-0.3055933190605545,2.4509064445363196,0.0313,False,LOW,NORMAL,Multi-factor anomaly (risk score > threshold)
T0376,2026-07-22 16:54:01,3004645.93,1.2723,Morgan Stanley,GBPUSD,SELL,Jane Doe,FX,CME,-0.02055068478972345,0.0022860060541959283,7,-0.02055068478972348,-0.28465009679913045,-0.6621782887928237,2.1089060757321483,0.0598,False,LOW,NORMAL,Multi-factor anomaly (risk score > threshold)
T0375,2026-07-22 16:53:25,3036535.99,1.1024,Goldman Sachs,EURUSD,BUY,Alice Johnson,FX,NASDAQ,-0.06744900033446362,0.003833878779750734,11,-0.06744900033446366,-0.2120579262191064,0.7641615901362532,3.3281297637677105,0.0642,False,LOW,NORMAL,Multi-factor anomaly (risk score > threshold)
T0374,2026-07-22 16:51:40,2485554.72,0.0067,UBS,JPYUSD,SELL,Bob Wilson,FX,NYSE,-0.2408169775500538,0.003169293071573326,7,-0.24081697755005385,-0.2432256820019783,-0.6621782887928237,2.1972775789414936,0.0211,False,LOW,NORMAL,Multi-factor anomaly (risk score > threshold)
T0373,2026-07-22 16:49:41,263.24,420.2766,JPMorgan Chase,MSFT,BUY,Jane Doe,Equities,CME,-0.2173610656199009,0.0008783611587832926,11,-0.21736106561990096,-0.35066585938533934,0.7641615901362532,3.387207934595595,0.0813,False,LOW,NORMAL,Multi-factor anomaly (risk score > threshold)
T0372,2026-07-22 16:49:21,1192113.91,0.0067,Morgan Stanley,JPYUSD,BUY,Jane Doe,FX,NASDAQ,-0.6071072689165372,0.003169293071573326,6,-0.6071072689165373,-0.2432256820019783,-1.018763258525093,2.0437936954880866,0.2083,False,LOW,NORMAL,Multi-factor anomaly (risk score > threshold)
T0371,2026-07-22 16:48:39,1824534.45,1.2724,UBS,GBPUSD,BUY,Bob Wilson,FX,NYSE,-0.3040338226815917,0.0023647835442575558,6,-0.3040338226815918,-0.2809555882636369,-1.018763258525093,1.9223229641359139,0.0896,False,LOW,NORMAL,Multi-factor anomaly (risk score > threshold)
T0370,2026-07-22 16:47:57,278.23,416.9691,UBS,MSFT,SELL,John Smith,Equities,CME,-0.18233632134100675,0.006998368546207715,5,-0.1823363213410068,-0.06364961258140223,-1.3753482282573621,1.575034039100265,0.1669,False,LOW,NORMAL,Multi-factor anomaly (risk score > threshold)
T0369,2026-07-22 16:46:18,320.03,418.9068,Morgan Stanley,MSFT,BUY,Bob Wilson,Equities,NYSE,-0.08466892235116204,0.0023837837693790162,5,-0.08466892235116208,-0.28006451527016357,-1.3753482282573621,1.5345827040712785,0.1133,False,LOW,NORMAL,Multi-factor anomaly (risk score > threshold)
T0368,2026-07-22 16:44:22,2118894.85,0.0067,Goldman Sachs,JPYUSD,SELL,Alice Johnson,FX,CBOE,-0.344651609623165,0.003169293071573326,11,-0.3446516096231651,-0.2432256820019783,0.7641615901362532,3.4388114317707377,0.0628,False,LOW,NORMAL,Multi-factor anomaly (risk score > threshold)
T0367,2026-07-22 16:43:40,280.59,419.5801,JPMorgan Chase,MSFT,SELL,John Smith,Equities,NASDAQ,-0.1768220854171783,0.0007803364193046863,10,-0.17682208541717837,-0.3552630258653824,0.40757662040398396,3.0709629350926626,0.0585,False,LOW,NORMAL,Multi-factor anomaly (risk score > threshold)
T0366,2026-07-22 16:42:24,170.85,151.2702,Citigroup,AAPL,SELL,Bob Wilson,Equities,NYSE,-0.4640289266465467,0.006127162323092895,9,-0.4640289266465468,-0.10450746201218236,0.05099165067171474,2.8874497193555464,0.0718,False,LOW,NORMAL,Multi-factor anomaly (risk score > threshold)
T0365,2026-07-22 16:40:32,289.17,178.8244,JPMorgan Chase,GOOGL,SELL,John Smith,Equities,CBOE,-0.11190385093519613,0.0034600041047438477,10,-0.11190385093519617,-0.2295919093015481,0.40757662040398396,3.0457995416055015,0.0346,False,LOW,NORMAL,Multi-factor anomaly (risk score > threshold)
T0364,2026-07-22 16:39:39,2638609.95,0.0067,Goldman Sachs,JPYUSD,BUY,Bob Wilson,FX,CME,-0.19747317367559267,0.003169293071573326,10,-0.19747317367559272,-0.2432256820019783,0.40757662040398396,3.0799400573917093,0.0169,False,LOW,NORMAL,Multi-factor anomaly (risk score > threshold)
T0363,2026-07-22 16:38:41,265.57,151.2719,Citigroup,AAPL,BUY,Alice Johnson,Equities,NYSE,-0.2034059782564346,0.006138469349697929,9,-0.20340597825643467,-0.10397718481915841,0.05099165067171474,2.783203932107483,0.0273,False,LOW,NORMAL,Multi-factor anomaly (risk score > threshold)
T0362,2026-07-22 16:37:59,311.88,148.9594,Citigroup,AAPL,BUY,Jane Doe,Equities,CBOE,-0.07598358868774699,0.009242412429212607,8,-0.07598358868774703,0.041591608905824494,-0.3055933190605545,2.4331661592038625,0.0864,False,LOW,NORMAL,Multi-factor anomaly (risk score > threshold)
T0361,2026-07-22 16:36:25,303.01,151.1163,JPMorgan Chase,AAPL,SELL,Jane Doe,Equities,NASDAQ,-0.10038947500764031,0.005103543855731068,9,-0.10038947500764035,-0.1525131443688882,0.05099165067171474,2.7416868531597753,0.0398,False,LOW,NORMAL,Multi-factor anomaly (risk score > threshold)
T0360,2026-07-22 16:34:29,2751429.02,0.0067,JPMorgan Chase,JPYUSD,BUY,Jane Doe,FX,CBOE,-0.1655238724764171,0.003169293071573326,9,-0.16552387247641714,-0.2432256820019783,0.05099165067171474,2.7671603369120388,0.0046,False,LOW,NORMAL,Multi-factor anomaly (risk score > threshold)
T0359,2026-07-22 16:34:00,1633280.89,0.0067,Goldman Sachs,JPYUSD,BUY,Jane Doe,FX,CBOE,-0.4821729229486908,0.003169293071573326,10,-0.4821729229486909,-0.2432256820019783,0.40757662040398396,3.1938199571009482,0.0636,False,LOW,NORMAL,Multi-factor anomaly (risk score > threshold)
T0358,2026-07-22 16:33:19,2818976.8,0.0067,Morgan Stanley,JPYUSD,SELL,Bob Wilson,FX,CBOE,-0.14639497548625716,0.003169293071573326,6,-0.1463949754862572,-0.2432256820019783,-1.018763258525093,1.8595087781159747,0.0509,False,LOW,NORMAL,Multi-factor anomaly (risk score > threshold)
T0357,2026-07-22 16:31:57,1858995.29,1.2713,Morgan Stanley,GBPUSD,SELL,Alice Johnson,FX,CME,-0.2957557343626901,0.001498231153579654,5,-0.2957557343626902,-0.32159518215406535,-1.3753482282573621,1.6187517630911499,0.1344,False,LOW,NORMAL,Multi-factor anomaly (risk score > threshold)
T0356,2026-07-22 16:30:14,1344405.22,1.2695,Bank of America,GBPUSD,BUY,Alice Johnson,FX,CBOE,-0.4193691473697359,8.023633247018579e-05,13,-0.419369147369736,-0.3880963357929564,1.4773315296007916,4.067771729847635,0.2955,False,LOW,NORMAL,Multi-factor anomaly (risk score > threshold)
T0355,2026-07-22 16:29:32,1751477.62,1.2671,Morgan Stanley,GBPUSD,BUY,Bob Wilson,FX,NASDAQ,-0.32158333369290115,0.0018104234290092218,6,-0.32158333369290126,-0.3069539816615468,-1.018763258525093,1.929176460505863,0.0988,False,LOW,NORMAL,Multi-factor anomaly (risk score > threshold)
T0354,2026-07-22 16:28:08,107.98,154.8494,UBS,GOOGL,SELL,Jane Doe,Equities,NASDAQ,-0.5334972469512169,0.13706619208350268,6,-0.533497246951217,6.036274158481563,-1.018763258525093,2.0545187564055376,0.868,True,HIGH,PRICE_ANOMALY,Price 13.7% away from average
T0353,2026-07-22 16:26:33,237.77,149.1061,Morgan Stanley,AAPL,BUY,Jane Doe,Equities,CME,-0.2798979331259987,0.00826668254511906,7,-0.2798979331259988,-0.004168193574549342,-0.6621782887928237,2.214439178013935,0.0812,False,LOW,NORMAL,Multi-factor anomaly (risk score > threshold)
T0352,2026-07-22 16:24:49,3391685.03,1.2727,Goldman Sachs,GBPUSD,SELL,Bob Wilson,FX,CBOE,0.07242278459373212,0.002601116014442438,9,0.07242278459373211,-0.26987206265715646,0.05099165067171474,2.7297494486418254,0.0749,False,LOW,NORMAL,Multi-factor anomaly (risk score > threshold)
T0351,2026-07-22 16:23:17,2407203.75,0.0067,Bank of America,JPYUSD,SELL,Alice Johnson,FX,CME,-0.2630052365011121,0.003169293071573326,13,-0.26300523650111224,-0.2432256820019783,1.4773315296007916,4.006152882521917,0.1375,False,LOW,NORMAL,Multi-factor anomaly (risk score > threshold)
T0350,2026-07-22 16:22:35,358.52,180.203,Goldman Sachs,GOOGL,SELL,Bob Wilson,Equities,NYSE,0.049459921975621414,0.004222560681388279,8,0.04945992197562139,-0.1938295134825698,-0.3055933190605545,2.421050736994665,0.0653,False,LOW,NORMAL,Multi-factor anomaly (risk score > threshold)
T0349,2026-07-22 16:21:58,192.03,180.5862,UBS,GOOGL,BUY,Alice Johnson,Equities,CME,-0.3379294731494258,0.006358030597278115,5,-0.3379294731494259,-0.093680196395003,-1.3753482282573621,1.6370791984389537,0.1546,False,LOW,NORMAL,Multi-factor anomaly (risk score > threshold)
T0348,2026-07-22 16:20:23,424.99,180.2769,Goldman Sachs,GOOGL,BUY,John Smith,Equities,NASDAQ,0.20412250287514633,0.004634385385940166,8,0.20412250287514633,-0.1745157490442287,-0.3055933190605545,2.4830393167658404,0.1327,False,LOW,NORMAL,Multi-factor anomaly (risk score > threshold)
T0347,2026-07-22 16:19:32,3374354.51,1.0993,Citigroup,EURUSD,SELL,John Smith,FX,CBOE,0.022904101590042154,0.0010110512904389318,7,0.02290410159004213,-0.34444295454800555,-0.6621782887928237,2.1094649560231487,0.084,False,LOW,NORMAL,Multi-factor anomaly (risk score > threshold)
T0346,2026-07-22 16:18:00,3638140.08,1.1056,Citigroup,EURUSD,BUY,Alice Johnson,FX,NYSE,0.0934563155196512,0.0067477652203304424,7,0.09345631551965118,-0.07540241310541416,-0.6621782887928237,2.13940685577396,0.1415,False,LOW,NORMAL,Multi-factor anomaly (risk score > threshold)
T0345,2026-07-22 16:16:43,233.36,180.9711,Bank of America,GOOGL,BUY,Alice Johnson,Equities,NASDAQ,-0.24176271418181086,0.008502974153191626,13,-0.24176271418181092,0.0069134156796506405,1.4773315296007916,3.999255977918682,0.1896,False,LOW,NORMAL,Multi-factor anomaly (risk score > threshold)
T0344,2026-07-22 16:14:56,2460985.23,1.1054,UBS,EURUSD,BUY,Bob Wilson,FX,NASDAQ,-0.2213860801636182,0.006565647317794223,4,-0.22138608016361824,-0.08394338267501934,-1.7319331979896313,1.2905241262607854,0.235,False,LOW,NORMAL,Multi-factor anomaly (risk score > threshold)
T0343,2026-07-22 16:13:12,296.62,149.5565,JPMorgan Chase,AAPL,SELL,Bob Wilson,Equities,CME,-0.11797161859096815,0.0052709856139963205,10,-0.11797161859096819,-0.14466045694986693,0.40757662040398396,3.048769943120586,0.0517,False,LOW,NORMAL,Multi-factor anomaly (risk score > threshold)
T0342,2026-07-22 16:12:24,205.4,412.9511,JPMorgan Chase,MSFT,SELL,Alice Johnson,Equities,NYSE,-0.35250657656661444,0.016567136484122936,9,-0.35250657656661455,0.38510668560896355,0.05099165067171474,2.8459727715718826,0.2713,False,LOW,NORMAL,Multi-factor anomaly (risk score > threshold)
T0341,2026-07-22 16:12:03,2477391.8,1.2678,Citigroup,GBPUSD,BUY,Bob Wilson,FX,NYSE,-0.1472062235010722,0.001258980998577655,7,-0.14720622350107226,-0.33281554141000946,-0.6621782887928237,2.159260183700002,0.0466,False,LOW,NORMAL,Multi-factor anomaly (risk score > threshold)
T0340,2026-07-22 16:10:30,1823435.3,1.274,Goldman Sachs,GBPUSD,BUY,John Smith,FX,CBOE,-0.3042978574751637,0.003625223385243769,8,-0.3042978574751638,-0.22184345169573283,-0.3055933190605545,2.5228067100056384,0.0261,False,LOW,NORMAL,Multi-factor anomaly (risk score > threshold)
T0339,2026-07-22 16:09:42,169.54,180.3445,Goldman Sachs,GOOGL,SELL,John Smith,Equities,CBOE,-0.3902592677098337,0.005011101895110716,7,-0.3902592677098338,-0.15684848955800842,-0.6621782887928237,2.2576070376524666,0.0603,False,LOW,NORMAL,Multi-factor anomaly (risk score > threshold)
T0338,2026-07-22 16:09:02,1212.55,417.914,UBS,MSFT,BUY,Jane Doe,Equities,CME,2.0007403347401373,0.0047481124923163115,4,2.000740334740138,-0.16918217260132665,-1.7319331979896313,2.00172056764375,0.5811,False,LOW,NORMAL,2.00x normal quantity for MSFT
T0337,2026-07-22 16:08:22,4474693.33,0.0067,Bank of America,JPYUSD,BUY,Bob Wilson,FX,CBOE,0.322488397842595,0.003169293071573326,16,0.322488397842595,-0.2432256820019783,2.5470864387975993,4.9299461470585095,0.5767,False,LOW,NORMAL,Multi-factor anomaly (risk score > threshold)
T0336,2026-07-22 16:06:26,2679682.41,1.2734,JPMorgan Chase,GBPUSD,BUY,Alice Johnson,FX,CBOE,-0.09861252887074777,0.0031525584448740046,8,-0.09861252887074781,-0.2440105029086938,-0.3055933190605545,2.440390779081761,0.0122,False,LOW,NORMAL,Multi-factor anomaly (risk score > threshold)
T0335,2026-07-22 16:05:28,114.72,179.4888,Bank of America,GOOGL,SELL,John Smith,Equities,CME,-0.5178145962025665,0.00024251732562476403,15,-0.5178145962025666,-0.380485678054446,2.19050146906533,4.707198593678714,0.5109,False,LOW,NORMAL,Multi-factor anomaly (risk score > threshold)
T0334,2026-07-22 16:04:22,1681.83,180.5893,Goldman Sachs,GOOGL,SELL,Alice Johnson,Equities,NASDAQ,3.128541311025572,0.006375306058497573,7,3.1285413110255726,-0.09287001141855927,-0.6621782887928237,3.353329116227778,0.5825,False,LOW,NORMAL,3.13x normal quantity for GOOGL
T0333,2026-07-22 16:03:02,391.85,418.4474,Bank of America,MSFT,SELL,Bob Wilson,Equities,CME,0.08314142682229875,0.0034778335430668793,14,0.08314142682229873,-0.2287557438941968,1.8339164993330608,4.23429992079184,0.3207,False,LOW,NORMAL,Multi-factor anomaly (risk score > threshold)
T0332,2026-07-22 16:02:03,2078373.98,1.0993,JPMorgan Chase,EURUSD,SELL,Alice Johnson,FX,NYSE,-0.3237194669439303,0.0010110512904389318,8,-0.3237194669439304,-0.34444295454800555,-0.3055933190605545,2.5297911021647037,0.0501,False,LOW,NORMAL,Multi-factor anomaly (risk score > threshold)
T0331,2026-07-22 16:00:56,2268974.29,1.1026,Bank of America,EURUSD,SELL,John Smith,FX,NASDAQ,-0.2727414174389108,0.004015996682286953,14,-0.2727414174389109,-0.20351695664950123,1.8339164993330608,4.3103013659802505,0.2081,False,LOW,NORMAL,Multi-factor anomaly (risk score > threshold)
T0330,2026-07-22 15:59:13,244.13,179.5023,Goldman Sachs,GOOGL,SELL,John Smith,Equities,NYSE,-0.21670304822291392,0.00031774917287032665,6,-0.21670304822291397,-0.37695745315705165,-1.018763258525093,1.8867765440410265,0.1226,False,LOW,NORMAL,Multi-factor anomaly (risk score > threshold)
T0329,2026-07-22 15:57:48,271.65,420.8747,Citigroup,MSFT,SELL,Bob Wilson,Equities,NASDAQ,-0.1977107587896475,0.0023027215628817206,9,-0.19771075878964756,-0.2838661724894518,0.05099165067171474,2.7797751199847234,0.0244,False,LOW,NORMAL,Multi-factor anomaly (risk score > threshold)
T0328,2026-07-22 15:56:31,3880162.85,0.0067,Bank of America,JPYUSD,SELL,Alice Johnson,FX,CME,0.1541229488310896,0.003169293071573326,15,0.1541229488310896,-0.2432256820019783,2.19050146906533,4.562599967453908,0.4419,False,LOW,NORMAL,Multi-factor anomaly (risk score > threshold)
T0327,2026-07-22 15:55:32,1030457.33,1.2728,JPMorgan Chase,GBPUSD,SELL,Jane Doe,FX,NYSE,-0.49478484707272585,0.0026798935045040653,8,-0.49478484707272596,-0.26617755412166294,-0.3055933190605545,2.5987179068804416,0.0667,False,LOW,NORMAL,Multi-factor anomaly (risk score > threshold)
T0326,2026-07-22 15:54:25,273.77,182.7373,Bank of America,GOOGL,SELL,Bob Wilson,Equities,NYSE,-0.14773661377335903,0.01834552886468625,14,-0.1477366137733591,0.4685097722560227,1.8339164993330608,4.26459830416875,0.4978,False,LOW,NORMAL,Multi-factor anomaly (risk score > threshold)
T0325,2026-07-22 15:52:37,2274058.57,0.0067,Bank of America,JPYUSD,BUY,Jane Doe,FX,NASDAQ,-0.30071070118042975,0.003169293071573326,13,-0.30071070118042986,-0.2432256820019783,1.4773315296007916,4.0212350683936435,0.1536,False,LOW,NORMAL,Multi-factor anomaly (risk score > threshold)
T0324,2026-07-22 15:52:06,383.66,148.7218,Citigroup,AAPL,BUY,Alice Johnson,Equities,NASDAQ,0.12151973938913492,0.010822735677069442,8,0.1215197393891349,0.11570564482494834,-0.3055933190605545,2.4518547164587745,0.1803,False,LOW,NORMAL,Multi-factor anomaly (risk score > threshold)
T0323,2026-07-22 15:50:22,2645046.84,1.0973,JPMorgan Chase,EURUSD,SELL,Jane Doe,FX,CBOE,-0.172156874468446,0.0008101277349234622,9,-0.17215687446844605,-0.35386587206229664,0.05099165067171474,2.769105788107855,0.0415,False,LOW,NORMAL,Multi-factor anomaly (risk score > threshold)
T0322,2026-07-22 15:48:37,2608650.75,1.2677,Goldman Sachs,GBPUSD,SELL,Jane Doe,FX,NYSE,-0.11567555910791515,0.0013377584886392826,6,-0.11567555910791519,-0.329121032874516,-1.018763258525093,1.8466715511897576,0.0849,False,LOW,NORMAL,Multi-factor anomaly (risk score > threshold)
T0321,2026-07-22 15:47:00,3123511.95,1.0994,UBS,EURUSD,SELL,Alice Johnson,FX,NYSE,-0.04418636873314779,0.0011021102417070414,6,-0.044186368733147824,-0.340172469763203,-1.018763258525093,1.818005180565771,0.1026,False,LOW,NORMAL,Multi-factor anomaly (risk score > threshold)
T0320,2026-07-22 15:45:30,392.59,149.9272,Bank of America,AAPL,BUY,Alice Johnson,Equities,NYSE,0.14609071625910627,0.002805388694886212,12,0.14609071625910627,-0.26029207780517316,1.1207465598685225,3.659277903112108,0.1806,False,LOW,NORMAL,Multi-factor anomaly (risk score > threshold)
T0319,2026-07-22 15:44:15,265.99,149.0976,Citigroup,AAPL,BUY,Bob Wilson,Equities,CBOE,-0.2022503444058872,0.00832321767814423,8,-0.20225034440588727,-0.001516807609429674,-0.3055933190605545,2.483397103065798,0.056,False,LOW,NORMAL,Multi-factor anomaly (risk score > threshold)
T0318,2026-07-22 15:42:47,2267588.44,1.0941,Morgan Stanley,EURUSD,SELL,Bob Wilson,FX,NYSE,-0.273112077538606,0.0037240141755031713,10,-0.2731120775386061,-0.2172103589486044,0.40757662040398396,3.110362035268093,0.0187,False,LOW,NORMAL,Multi-factor anomaly (risk score > threshold)
T0317,2026-07-22 15:41:24,3222001.69,1.1078,JPMorgan Chase,EURUSD,SELL,Bob Wilson,FX,CBOE,-0.017844256060526812,0.008751062148229056,10,-0.017844256060526843,0.018548252160252247,0.40757662040398396,3.0097630210686797,0.1099,False,LOW,NORMAL,Multi-factor anomaly (risk score > threshold)
T0316,2026-07-22 15:39:53,143.88,411.287,Morgan Stanley,MSFT,SELL,John Smith,Equities,NYSE,-0.4962505570894674,0.02053014960644369,9,-0.4962505570894675,0.5709641659022914,0.05099165067171474,2.9046592677177197,0.4034,False,LOW,NORMAL,Multi-factor anomaly (risk score > threshold)
T0315,2026-07-22 15:38:49,2550.59,179.6897,Citigroup,GOOGL,BUY,Alice Johnson,Equities,CME,5.149974495654296,0.0013620786672277393,7,5.1499744956542965,-0.32798046458134633,-0.6621782887928237,4.160398421861887,0.7281,True,MEDIUM,SIZE_ANOMALY,5.15x normal quantity for GOOGL
T0314,2026-07-22 15:38:12,3045489.89,1.0978,UBS,EURUSD,SELL,Bob Wilson,FX,NASDAQ,-0.06505418598467065,0.000354832978582712,9,-0.06505418598467069,-0.37521829598631906,0.05099165067171474,2.7261281242874427,0.0706,False,LOW,NORMAL,Multi-factor anomaly (risk score > threshold)
T0313,2026-07-22 15:36:37,3709208.69,1.275,Bank of America,GBPUSD,SELL,Jane Doe,FX,CBOE,0.1486974459432774,0.0044129982858600435,11,0.1486974459432774,-0.18489836634079793,0.7641615901362532,3.360802877863069,0.1571,False,LOW,NORMAL,Multi-factor anomaly (risk score > threshold)
T0312,2026-07-22 15:35:17,1142475.7,1.2674,JPMorgan Chase,GBPUSD,SELL,Alice Johnson,FX,CME,-0.46787610195219514,0.0015740909588241648,11,-0.46787610195219526,-0.31803750726803554,0.7641615901362532,3.487622668068525,0.1302,False,LOW,NORMAL,Multi-factor anomaly (risk score > threshold)
T0311,2026-07-22 15:34:29,2115016.58,1.2701,Goldman Sachs,GBPUSD,SELL,John Smith,FX,NYSE,-0.2342550033840168,0.0005529012728399502,5,-0.23425500338401686,-0.36592928457999546,-1.3753482282573621,1.5938678717354586,0.1598,False,LOW,NORMAL,Multi-factor anomaly (risk score > threshold)
T0310,2026-07-22 15:32:32,3895513.33,0.0067,Bank of America,JPYUSD,SELL,Jane Doe,FX,NYSE,0.15847006061876806,0.003169293071573326,10,0.15847006061876806,-0.2432256820019783,0.40757662040398396,3.0643388121689794,0.1069,False,LOW,NORMAL,Multi-factor anomaly (risk score > threshold)
T0309,2026-07-22 15:30:56,2421663.09,0.0067,Morgan Stanley,JPYUSD,BUY,Jane Doe,FX,CBOE,-0.25891048719320453,0.003169293071573326,12,-0.25891048719320464,-0.2432256820019783,1.1207465598685225,3.7045149827987536,0.0787,False,LOW,NORMAL,Multi-factor anomaly (risk score > threshold)
T0308,2026-07-22 15:30:15,299.17,151.8333,JPMorgan Chase,AAPL,BUY,Alice Johnson,Equities,NYSE,-0.11095527021264479,0.009872448606208497,11,-0.11095527021264483,0.07113905998303036,0.7641615901362532,3.34734384266692,0.1447,False,LOW,NORMAL,Multi-factor anomaly (risk score > threshold)
T0307,2026-07-22 15:29:59,256.44,149.304,Morgan Stanley,AAPL,BUY,Jane Doe,Equities,CBOE,-0.2285272569600001,0.0069504116244503205,11,-0.22852725696000015,-0.06589869739776387,0.7641615901362532,3.393496026271335,0.0824,False,LOW,NORMAL,Multi-factor anomaly (risk score > threshold)
T0306,2026-07-22 15:28:15,4149644.97,1.1018,Morgan Stanley,EURUSD,BUY,Alice Johnson,FX,CME,0.23026365651757275,0.003287525072141874,10,0.23026365651757275,-0.23768083492793143,0.40757662040398396,3.0930917201286716,0.1542,False,LOW,NORMAL,Multi-factor anomaly (risk score > threshold)
T0305,2026-07-22 15:26:53,313.26,150.5943,Morgan Stanley,AAPL,BUY,Alice Johnson,Equities,CBOE,-0.07218650603594849,0.0016316215687727257,9,-0.07218650603594853,-0.31533943540333365,0.05099165067171474,2.729364088885011,0.049,False,LOW,NORMAL,Multi-factor anomaly (risk score > threshold)
T0304,2026-07-22 15:25:21,1246.33,182.0329,Morgan Stanley,GOOGL,SELL,Jane Doe,Equities,CME,2.1152186995957076,0.014420098257293684,9,2.115218699595708,0.28441483760966696,0.05099165067171474,3.550413509315471,0.5906,False,LOW,NORMAL,2.12x normal quantity for GOOGL
T0303,2026-07-22 15:23:25,132.93,177.9436,Bank of America,GOOGL,SELL,Alice Johnson,Equities,CBOE,-0.4754435175478298,0.00836846418281225,12,-0.47544351754782993,0.0006051640041172072,1.1207465598685225,3.792687946273975,0.2154,False,LOW,NORMAL,Multi-factor anomaly (risk score > threshold)
T0302,2026-07-22 15:21:44,3042707.94,0.0067,Goldman Sachs,JPYUSD,BUY,Bob Wilson,FX,CBOE,-0.08303641758026722,0.003169293071573326,4,-0.08303641758026727,-0.2432256820019783,-1.7319331979896313,1.234165354953579,0.1877,False,LOW,NORMAL,Multi-factor anomaly (risk score > threshold)
T0301,2026-07-22 15:21:09,224.8,180.6231,Bank of America,GOOGL,BUY,Bob Wilson,Equities,NYSE,-0.2616801459931533,0.006563664313082768,11,-0.2616801459931534,-0.08403638167545287,0.7641615901362532,3.406641157691186,0.0738,False,LOW,NORMAL,Multi-factor anomaly (risk score > threshold)
T0300,2026-07-22 15:19:43,180.77,421.6928,JPMorgan Chase,MSFT,BUY,Jane Doe,Equities,CBOE,-0.4100555726699608,0.004251006542973306,11,-0.4100555726699609,-0.19249545881361382,0.7641615901362532,3.4652975310308762,0.0936,False,LOW,NORMAL,Multi-factor anomaly (risk score > threshold)
T0299,2026-07-22 15:18:02,2422732.6,0.0067,Citigroup,JPYUSD,SELL,John Smith,FX,NYSE,-0.25860761200441296,0.003169293071573326,8,-0.25860761200441307,-0.2432256820019783,-0.3055933190605545,2.504393832723237,0.0036,False,LOW,NORMAL,Multi-factor anomaly (risk score > threshold)
T0298,2026-07-22 15:17:00,2076036.42,0.0067,Goldman Sachs,JPYUSD,BUY,John Smith,FX,NYSE,-0.35678871453808575,0.003169293071573326,3,-0.35678871453808586,-0.2432256820019783,-2.0885181677219005,1.0436662737367062,0.2883,False,LOW,NORMAL,Multi-factor anomaly (risk score > threshold)
T0297,2026-07-22 15:15:33,212.62,423.3354,Bank of America,MSFT,SELL,Jane Doe,Equities,NASDAQ,-0.3356367531047321,0.008162817945367428,11,-0.33563675310473223,-0.009039237955600722,0.7641615901362532,3.4367035466255027,0.1129,False,LOW,NORMAL,Multi-factor anomaly (risk score > threshold)
T0296,2026-07-22 15:14:36,174.51,423.83,UBS,MSFT,BUY,Jane Doe,Equities,CME,-0.4246823171119806,0.009340695651214304,11,-0.42468231711198073,0.046200897705163176,0.7641615901362532,3.4726751355401566,0.1565,False,LOW,NORMAL,Multi-factor anomaly (risk score > threshold)
T0295,2026-07-22 15:12:54,264.58,418.8134,Bank of America,MSFT,SELL,Jane Doe,Equities,NASDAQ,-0.21423010115467625,0.0026062135666415913,10,-0.2142301011546763,-0.26963299753721975,0.40757662040398396,3.086473904531863,0.0372,False,LOW,NORMAL,Multi-factor anomaly (risk score > threshold)
T0294,2026-07-22 15:12:16,185.36,421.2215,Citigroup,MSFT,BUY,Bob Wilson,Equities,CME,-0.39933085110624333,0.0031286172126748315,7,-0.39933085110624345,-0.2451332993654086,-0.6621782887928237,2.2606709256063,0.0458,False,LOW,NORMAL,Multi-factor anomaly (risk score > threshold)
T0293,2026-07-22 15:10:39,1855494.79,0.0067,Bank of America,JPYUSD,SELL,Jane Doe,FX,NYSE,-0.4192440331630943,0.003169293071573326,9,-0.4192440331630944,-0.2432256820019783,0.05099165067171474,2.8686484011867095,0.0324,False,LOW,NORMAL,Multi-factor anomaly (risk score > threshold)
T0292,2026-07-22 15:09:49,38185122.76,1.2707,Citigroup,GBPUSD,SELL,Alice Johnson,FX,NASDAQ,8.430406816530883,0.0010255662132097147,6,8.430406816530885,-0.3437622333670345,-1.018763258525093,5.172470396476316,0.9506,True,HIGH,SIZE_ANOMALY,8.43x normal quantity for GBPUSD
T0291,2026-07-22 15:09:16,50.0,151.276,Goldman Sachs,AAPL,SELL,Alice Johnson,Equities,CBOE,-0.7965488095957132,0.0061657392373925795,5,-0.7965488095957133,-0.1026982810006816,-1.3753482282573621,1.820469245609503,0.3521,False,LOW,NORMAL,Multi-factor anomaly (risk score > threshold)
T0290,2026-07-22 15:08:40,2306844.83,1.0976,Bank of America,EURUSD,SELL,Jane Doe,FX,CBOE,-0.2626125448106248,0.0005369508811191334,9,-0.2626125448106249,-0.3666773264167044,0.05099165067171474,2.8052061031885853,0.0582,False,LOW,NORMAL,Multi-factor anomaly (risk score > threshold)
T0289,2026-07-22 15:06:46,3278791.57,0.0067,Citigroup,JPYUSD,BUY,Alice Johnson,FX,CBOE,-0.016179750502044277,0.003169293071573326,5,-0.01617975050204431,-0.2432256820019783,-1.3753482282573621,1.5074226881222896,0.1038,False,LOW,NORMAL,Multi-factor anomaly (risk score > threshold)
T0288,2026-07-22 15:05:08,245.42,417.5275,JPMorgan Chase,MSFT,SELL,Bob Wilson,Equities,CBOE,-0.25899821992609795,0.005668552713322863,12,-0.25899821992609806,-0.12601534600834988,1.1207465598685225,3.7052998537844357,0.1018,False,LOW,NORMAL,Multi-factor anomaly (risk score > threshold)
T0287,2026-07-22 15:03:57,2768218.19,1.0972,Morgan Stanley,EURUSD,BUY,Jane Doe,FX,NYSE,-0.13921340665404378,0.0009011866861915718,10,-0.13921340665404383,-0.3495953872774941,0.40757662040398396,3.055955718667475,0.0569,False,LOW,NORMAL,Multi-factor anomaly (risk score > threshold)
T0286,2026-07-22 15:03:01,248.98,182.0986,Bank of America,GOOGL,SELL,Bob Wilson,Equities,CBOE,-0.20541805473167435,0.01478622658055556,9,-0.2054180547316744,0.3015855321103262,0.05099165067171474,2.786603089866836,0.2267,False,LOW,NORMAL,Multi-factor anomaly (risk score > threshold)
T0285,2026-07-22 15:02:12,372.45,149.6869,Morgan Stanley,AAPL,BUY,Jane Doe,Equities,NASDAQ,0.09067532161619186,0.004403670161468723,10,0.09067532161619185,-0.18533583693242148,0.40757662040398396,3.0375912296949172,0.1005,False,LOW,NORMAL,Multi-factor anomaly (risk score > threshold)
T0284,2026-07-22 15:00:43,2067.15,152.1738,Bank of America,AAPL,SELL,Alice Johnson,Equities,NASDAQ,4.753657908574838,0.012137179523276132,8,4.753657908574839,0.17735046246814187,-0.3055933190605545,4.305104317286919,0.7617,True,MEDIUM,SIZE_ANOMALY,4.75x normal quantity for AAPL
T0283,2026-07-22 15:00:09,2044490.8,0.96,Bank of America,EURUSD,SELL,John Smith,FX,CBOE,-0.33278187837142215,0.1258340678260517,7,-0.33278187837142226,5.5095097374723006,-0.6621782887928237,2.2708629716963844,0.7642,True,MEDIUM,PRICE_ANOMALY,Price 12.6% away from average
T0282,2026-07-22 14:59:12,166.72,421.9053,Citigroup,MSFT,BUY,John Smith,Equities,CME,-0.4428839687419063,0.004757070053876067,5,-0.4428839687419064,-0.16876208067387583,-1.3753482282573621,1.6785807085129254,0.1741,False,LOW,NORMAL,Multi-factor anomaly (risk score > threshold)
T0281,2026-07-22 14:57:14,19071259.05,1.1003,JPMorgan Chase,EURUSD,SELL,Bob Wilson,FX,NYSE,4.22120565060476,0.00192164080312023,12,4.221205650604761,-0.3017381066999702,1.1207465598685225,5.289058752482839,0.7475,True,MEDIUM,SIZE_ANOMALY,4.22x normal quantity for EURUSD
T0280,2026-07-22 14:56:08,68.18,151.0609,Goldman Sachs,AAPL,SELL,John Smith,Equities,CBOE,-0.7465263729220197,0.004735067812249332,7,-0.7465263729220198,-0.16979394230625802,-0.6621782887928237,2.4000310695124827,0.2384,False,LOW,NORMAL,Multi-factor anomaly (risk score > threshold)
T0279,2026-07-22 14:55:07,18705907.02,0.0067,UBS,JPYUSD,SELL,Alice Johnson,FX,CBOE,4.352634476973025,0.003169293071573326,12,4.352634476973026,-0.2432256820019783,1.1207465598685225,5.342004578710682,0.7355,True,MEDIUM,SIZE_ANOMALY,4.35x normal quantity for JPYUSD
T0278,2026-07-22 14:53:16,1767718.55,1.0971,UBS,EURUSD,SELL,Jane Doe,FX,NASDAQ,-0.40680751590640635,0.0009922456374596813,11,-0.40680751590640646,-0.3453249024926915,0.7641615901362532,3.4630206800538,0.1117,False,LOW,NORMAL,Multi-factor anomaly (risk score > threshold)
T0277,2026-07-22 14:52:33,2294328.73,0.0067,JPMorgan Chase,JPYUSD,BUY,Bob Wilson,FX,NASDAQ,-0.2949703822148906,0.003169293071573326,12,-0.2949703822148907,-0.2432256820019783,1.1207465598685225,3.718938940807428,0.0984,False,LOW,NORMAL,Multi-factor anomaly (risk score > threshold)
T0276,2026-07-22 14:51:28,2479363.82,1.2768,JPMorgan Chase,GBPUSD,BUY,Bob Wilson,FX,NASDAQ,-0.14673251027392392,0.005830993106969512,11,-0.14673251027392398,-0.11839721270190687,0.7641615901362532,3.36044230204166,0.0695,False,LOW,NORMAL,Multi-factor anomaly (risk score > threshold)
T0275,2026-07-22 14:49:49,206.24,178.1267,UBS,GOOGL,BUY,John Smith,Equities,NASDAQ,-0.3048656056214846,0.007348097424984921,10,-0.30486560562148474,-0.04724801960426917,0.40757662040398396,3.124150671476089,0.0663,False,LOW,NORMAL,Multi-factor anomaly (risk score > threshold)
T0274,2026-07-22 14:48:31,303.85,182.4128,Morgan Stanley,GOOGL,BUY,John Smith,Equities,NYSE,-0.07774638609985648,0.016537178166079063,12,-0.07774638609985653,0.3837016997223158,1.1207465598685225,3.636059707889766,0.3604,False,LOW,NORMAL,Multi-factor anomaly (risk score > threshold)
T0273,2026-07-22 14:46:41,3398981.03,0.0067,JPMorgan Chase,JPYUSD,SELL,Bob Wilson,FX,NASDAQ,0.017856775933657316,0.003169293071573326,10,0.017856775933657292,-0.2432256820019783,0.40757662040398396,3.0080934982949348,0.0546,False,LOW,NORMAL,Multi-factor anomaly (risk score > threshold)
T0272,2026-07-22 14:45:11,1731859.88,1.1061,Citigroup,EURUSD,SELL,Jane Doe,FX,CBOE,-0.4163982928282496,0.007203059976671193,6,-0.4163982928282497,-0.05404998918139173,-1.018763258525093,1.968720235124301,0.1699,False,LOW,NORMAL,Multi-factor anomaly (risk score > threshold)
T0271,2026-07-22 14:44:27,2770858.58,1.2678,UBS,GBPUSD,BUY,Bob Wilson,FX,NYSE,-0.0767104397795016,0.001258980998577655,10,-0.07671043977950164,-0.33281554141000946,0.40757662040398396,3.031061870211374,0.0549,False,LOW,NORMAL,Multi-factor anomaly (risk score > threshold)
T0270,2026-07-22 14:43:11,3336926.54,0.0067,UBS,JPYUSD,BUY,Bob Wilson,FX,CME,0.0002835270868867879,0.003169293071573326,9,0.00028352708688675956,-0.2432256820019783,0.05099165067171474,2.7010641987562263,0.0416,False,LOW,NORMAL,Multi-factor anomaly (risk score > threshold)
T0269,2026-07-22 14:41:38,203.14,422.7816,JPMorgan Chase,MSFT,SELL,Jane Doe,Equities,CBOE,-0.357787158425874,0.006843956899071486,10,-0.3577871584258741,-0.07089121354987846,0.40757662040398396,3.145168050440071,0.0714,False,LOW,NORMAL,Multi-factor anomaly (risk score > threshold)
T0268,2026-07-22 14:40:06,2076814.3,1.1006,UBS,EURUSD,SELL,John Smith,FX,NASDAQ,-0.32413661969804697,0.0021948176569245585,9,-0.3241366196980471,-0.2889266523455625,0.05099165067171474,2.830313093176296,0.0417,False,LOW,NORMAL,Multi-factor anomaly (risk score > threshold)
T0267,2026-07-22 14:39:33,1355757.76,1.2748,UBS,GBPUSD,BUY,Jane Doe,FX,CBOE,-0.4166420713970126,0.0042554433057367886,8,-0.4166420713970127,-0.19228738341178492,-0.3055933190605545,2.567933461550526,0.0494,False,LOW,NORMAL,Multi-factor anomaly (risk score > threshold)
T0266,2026-07-22 14:38:47,367.28,415.7992,Morgan Stanley,MSFT,BUY,Bob Wilson,Equities,NASDAQ,0.025732623157693663,0.009784456552819792,12,0.02573262315769364,0.06701240664530843,1.1207465598685225,3.613228386228923,0.2193,False,LOW,NORMAL,Multi-factor anomaly (risk score > threshold)
T0265,2026-07-22 14:37:52,141.26,416.2828,Morgan Stanley,MSFT,BUY,Jane Doe,Equities,NYSE,-0.5023722935811754,0.008632775075772507,11,-0.5023722935811755,0.013000822323538929,0.7641615901362532,3.5035387499552018,0.1653,False,LOW,NORMAL,Multi-factor anomaly (risk score > threshold)
T0264,2026-07-22 14:36:27,3658394.5,0.0067,JPMorgan Chase,JPYUSD,SELL,Alice Johnson,FX,NASDAQ,0.09132023462156633,0.003169293071573326,12,0.09132023462156631,-0.2432256820019783,1.1207465598685225,3.637478881770098,0.1467,False,LOW,NORMAL,Multi-factor anomaly (risk score > threshold)
T0263,2026-07-22 14:35:22,2683763.95,1.0993,JPMorgan Chase,EURUSD,BUY,Bob Wilson,FX,CME,-0.1618015778255848,0.0010110512904389318,11,-0.16180157782558485,-0.34444295454800555,0.7641615901362532,3.3650239465173652,0.08,False,LOW,NORMAL,Multi-factor anomaly (risk score > threshold)
T0262,2026-07-22 14:34:43,160.51,149.7205,JPMorgan Chase,AAPL,BUY,Bob Wilson,Equities,NYSE,-0.4924795314433558,0.004180190106216371,10,-0.49247953144335593,-0.19581660968865514,0.40757662040398396,3.1982458696092073,0.0767,False,LOW,NORMAL,Multi-factor anomaly (risk score > threshold)
T0261,2026-07-22 14:34:09,185.59,150.2928,Morgan Stanley,AAPL,SELL,Bob Wilson,Equities,CBOE,-0.4234716815106699,0.00037371285559120623,11,-0.42347168151067,-0.37433286708140756,0.7641615901362532,3.4695007864609453,0.1552,False,LOW,NORMAL,Multi-factor anomaly (risk score > threshold)
T0260,2026-07-22 14:33:01,160.29,419.8665,Morgan Stanley,MSFT,BUY,Alice Johnson,Equities,NYSE,-0.4579079250936934,9.828188037524478e-05,10,-0.4579079250936935,-0.3872500352734712,0.40757662040398396,3.18319265460159,0.151,False,LOW,NORMAL,Multi-factor anomaly (risk score > threshold)
T0259,2026-07-22 14:31:49,379.74,150.3602,Bank of America,AAPL,SELL,Jane Doe,Equities,CBOE,0.11073382345069273,7.457749333785283e-05,8,0.11073382345069271,-0.38836172416035725,-0.3055933190605545,2.4443159026282784,0.1635,False,LOW,NORMAL,Multi-factor anomaly (risk score > threshold)
T0258,2026-07-22 14:30:01,2779371.78,0.0067,Citigroup,JPYUSD,SELL,Bob Wilson,FX,CBOE,-0.15761074524024798,0.003169293071573326,6,-0.15761074524024804,-0.2432256820019783,-1.018763258525093,1.863995086017571,0.0537,False,LOW,NORMAL,Multi-factor anomaly (risk score > threshold)
T0257,2026-07-22 14:28:06,2237516.4,0.0067,Bank of America,JPYUSD,SELL,Alice Johnson,FX,NYSE,-0.31105910057604147,0.003169293071573326,7,-0.3110591005760416,-0.2432256820019783,-0.6621782887928237,2.2253744281518886,0.0346,False,LOW,NORMAL,Multi-factor anomaly (risk score > threshold)
T0256,2026-07-22 14:27:24,2657927.53,1.1017,JPMorgan Chase,EURUSD,BUY,Jane Doe,FX,NASDAQ,-0.16871179899884783,0.0031964661208737644,9,-0.1687117989988479,-0.24195131971273398,0.05099165067171474,2.768443659435801,0.0044,False,LOW,NORMAL,Multi-factor anomaly (risk score > threshold)
T0255,2026-07-22 14:26:34,187.82,150.242,Morgan Stanley,AAPL,SELL,Bob Wilson,Equities,NASDAQ,-0.41733581606609693,0.0007115934153182555,10,-0.41733581606609704,-0.3584869368428031,0.40757662040398396,3.167147804451034,0.098,False,LOW,NORMAL,Multi-factor anomaly (risk score > threshold)
T0254,2026-07-22 14:24:36,312.37,419.907,UBS,MSFT,SELL,Jane Doe,Equities,CBOE,-0.10256682369714788,1.8321288855368754e-06,10,-0.10256682369714792,-0.39177333793069213,0.40757662040398396,3.041027279117525,0.1188,False,LOW,NORMAL,Multi-factor anomaly (risk score > threshold)
T0253,2026-07-22 14:23:56,206.25,150.0463,Bank of America,AAPL,SELL,John Smith,Equities,CBOE,-0.36662550210041106,0.002013231713321545,6,-0.36662550210041117,-0.29744267409291886,-1.018763258525093,1.9472541703541606,0.1043,False,LOW,NORMAL,Multi-factor anomaly (risk score > threshold)
T0252,2026-07-22 14:22:51,156.06,149.397,Morgan Stanley,AAPL,SELL,John Smith,Equities,NYSE,-0.504723747240822,0.0063318507572336655,10,-0.5047237472408221,-0.0949079791337829,0.40757662040398396,3.203789054123499,0.1051,False,LOW,NORMAL,Multi-factor anomaly (risk score > threshold)
T0251,2026-07-22 14:21:14,1862.86,420.6331,UBS,MSFT,BUY,John Smith,Equities,CME,3.520216082038845,0.0017273571194271777,9,3.5202160820388455,-0.31084962735326316,0.05099165067171474,4.108604639951366,0.5979,False,LOW,NORMAL,3.52x normal quantity for MSFT
T0250,2026-07-22 14:19:24,176.43,415.5382,Citigroup,MSFT,BUY,Alice Johnson,Equities,CBOE,-0.42019615907225566,0.010406021617975478,9,-0.42019615907225577,0.09616257932516659,0.05099165067171474,2.8712002701142945,0.12,False,LOW,NORMAL,Multi-factor anomaly (risk score > threshold)
T0249,2026-07-22 14:18:27,13550720.9,1.2683,Bank of America,GBPUSD,BUY,Bob Wilson,FX,CME,2.512798473832553,0.000865093548269518,6,2.5127984738325533,-0.3512880840874769,-1.018763258525093,2.805378917597502,0.5324,False,LOW,NORMAL,2.51x normal quantity for GBPUSD
T0248,2026-07-22 14:17:38,347.63,160.6485,JPMorgan Chase,GOOGL,BUY,Jane Doe,Equities,CME,0.0241210396829206,0.10474937687150594,10,0.024121039682920575,4.520679417556387,0.40757662040398396,3.04107322893462,0.7984,True,MEDIUM,PRICE_ANOMALY,Price 10.5% away from average
T0247,2026-07-22 14:15:42,243.43,150.1833,UBS,AAPL,BUY,Jane Doe,Equities,NASDAQ,-0.2643243912352889,0.0011020183927979773,9,-0.264324391235289,-0.3401767772954466,0.05099165067171474,2.8060603620119546,0.0384,False,LOW,NORMAL,Multi-factor anomaly (risk score > threshold)
T0246,2026-07-22 14:13:58,271.86,149.1232,Goldman Sachs,AAPL,SELL,John Smith,Equities,NYSE,-0.18609898558990368,0.008152947159856634,14,-0.18609898558990373,-0.009502158280850043,1.8339164993330608,4.276885478383918,0.2521,False,LOW,NORMAL,Multi-factor anomaly (risk score > threshold)
T0245,2026-07-22 14:12:29,283.21,424.0519,Goldman Sachs,MSFT,SELL,Bob Wilson,Equities,NYSE,-0.1707003489254703,0.009869145030363987,13,-0.17070034892547037,0.07098412880731446,1.4773315296007916,3.971240883079297,0.2336,False,LOW,NORMAL,Multi-factor anomaly (risk score > threshold)
T0244,2026-07-22 14:11:39,1984813.18,1.2683,Goldman Sachs,GBPUSD,SELL,Bob Wilson,FX,CME,-0.2655321064558301,0.000865093548269518,13,-0.2655321064558302,-0.3512880840874769,1.4773315296007916,4.006472370646812,0.1838,False,LOW,NORMAL,Multi-factor anomaly (risk score > threshold)
T0243,2026-07-22 14:10:18,1099.99,421.7232,JPMorgan Chase,MSFT,BUY,Jane Doe,Equities,CBOE,1.7377393196612632,0.004323403393474309,10,1.7377393196612634,-0.18910018965856001,0.40757662040398396,3.6963927488825474,0.4428,False,LOW,NORMAL,Multi-factor anomaly (risk score > threshold)
T0242,2026-07-22 14:08:49,3147325.17,0.0067,Bank of America,JPYUSD,BUY,Jane Doe,FX,NYSE,-0.05340980044990592,0.003169293071573326,5,-0.05340980044990595,-0.2432256820019783,-1.3753482282573621,1.5223147081014343,0.0985,False,LOW,NORMAL,Multi-factor anomaly (risk score > threshold)
T0241,2026-07-22 14:07:15,2195348.32,0.0067,Goldman Sachs,JPYUSD,BUY,Jane Doe,FX,NYSE,-0.32300070485367766,0.003169293071573326,13,-0.32300070485367777,-0.2432256820019783,1.4773315296007916,4.030151069862943,0.1597,False,LOW,NORMAL,Multi-factor anomaly (risk score > threshold)
T0240,2026-07-22 14:05:44,2852951.95,1.1024,Morgan Stanley,EURUSD,BUY,Bob Wilson,FX,CME,-0.11655047493044661,0.003833878779750734,11,-0.11655047493044665,-0.2120579262191064,0.7641615901362532,3.3477703536061036,0.0637,False,LOW,NORMAL,Multi-factor anomaly (risk score > threshold)
T0239,2026-07-22 14:05:08,2620430.49,1.1,UBS,EURUSD,BUY,John Smith,FX,CME,-0.17874077513960895,0.0016484639493159012,10,-0.178740775139609,-0.314549561054378,0.40757662040398396,3.0719908492406383,0.0464,False,LOW,NORMAL,Multi-factor anomaly (risk score > threshold)
T0238,2026-07-22 14:03:47,207.73,149.5069,Morgan Stanley,AAPL,SELL,Alice Johnson,Equities,CME,-0.3625532685318156,0.005600884743178562,10,-0.3625532685318157,-0.12918884002398892,0.40757662040398396,3.14670157283568,0.0506,False,LOW,NORMAL,Multi-factor anomaly (risk score > threshold)
T0237,2026-07-22 14:03:11,198.35,179.9098,Bank of America,GOOGL,SELL,Jane Doe,Equities,CBOE,-0.32322407956908883,0.002588636413802301,4,-0.32322407956908894,-0.27045733125416893,-1.7319331979896313,1.330066222751776,0.1966,False,LOW,NORMAL,Multi-factor anomaly (risk score > threshold)
T0236,2026-07-22 14:02:11,24393464.24,1.0985,Citigroup,EURUSD,BUY,John Smith,FX,NYSE,5.6446851803688585,0.0002825796802940551,9,5.644685180368859,-0.37860683282642627,0.05099165067171474,4.957958846051632,0.7616,True,MEDIUM,SIZE_ANOMALY,5.64x normal quantity for EURUSD
T0235,2026-07-22 14:01:11,1260.72,148.8092,UBS,AAPL,SELL,Jane Doe,Equities,CME,2.534758370248845,0.010241421485728116,11,2.5347583702488454,0.08844315854829865,0.7641615901362532,4.316975774545257,0.5988,False,LOW,NORMAL,2.53x normal quantity for AAPL
T0234,2026-07-22 13:59:57,3184280.96,1.2639,Morgan Stanley,GBPUSD,BUY,Jane Doe,FX,CBOE,0.022600748649174895,0.004331303110981474,9,0.02260074864917487,-0.18872970852574686,0.05099165067171474,2.710339690392964,0.0659,False,LOW,NORMAL,Multi-factor anomaly (risk score > threshold)
T0233,2026-07-22 13:58:36,172.26,424.4119,Goldman Sachs,MSFT,SELL,Alice Johnson,Equities,NYSE,-0.4299395335647833,0.010726476154716795,14,-0.4299395335647834,0.11119126353815982,1.8339164993330608,4.375193756272329,0.3743,False,LOW,NORMAL,Multi-factor anomaly (risk score > threshold)
T0232,2026-07-22 13:57:42,292.63,180.8634,JPMorgan Chase,GOOGL,BUY,Jane Doe,Equities,CBOE,-0.10385311331051804,0.007902791194054543,11,-0.10385311331051808,-0.02123397850179695,0.7641615901362532,3.3439120826824236,0.0958,False,LOW,NORMAL,Multi-factor anomaly (risk score > threshold)
T0231,2026-07-22 13:56:58,2211368.59,0.0067,Goldman Sachs,JPYUSD,SELL,Bob Wilson,FX,NYSE,-0.3184639148276464,0.003169293071573326,14,-0.3184639148276465,-0.2432256820019783,1.8339164993330608,4.328336353852531,0.2265,False,LOW,NORMAL,Multi-factor anomaly (risk score > threshold)
T0230,2026-07-22 13:55:51,4116807.37,1.0963,Citigroup,EURUSD,BUY,Jane Doe,FX,CBOE,0.22148089641384558,0.001720717247604558,9,0.22148089641384558,-0.3111610242142708,0.05099165067171474,2.7891085737398194,0.1744,False,LOW,NORMAL,Multi-factor anomaly (risk score > threshold)
T0229,2026-07-22 13:55:00,197.18,419.1974,JPMorgan Chase,MSFT,BUY,John Smith,Equities,CBOE,-0.37171294067418675,0.0016917270339985955,10,-0.37171294067418686,-0.31252060791678815,0.40757662040398396,3.1491926943798743,0.0645,False,LOW,NORMAL,Multi-factor anomaly (risk score > threshold)
T0228,2026-07-22 13:53:26,287.78,150.6989,Morgan Stanley,AAPL,BUY,John Smith,Equities,CBOE,-0.14229495963582245,0.0023273362645885604,9,-0.1422949596358225,-0.28271179164432203,0.05099165067171474,2.7576161847337053,0.0255,False,LOW,NORMAL,Multi-factor anomaly (risk score > threshold)
T0227,2026-07-22 13:52:21,2556390.32,1.104,Goldman Sachs,EURUSD,BUY,John Smith,FX,CME,-0.19586898944613282,0.005290822000040689,13,-0.19586898944613287,-0.14373016966225552,1.4773315296007916,3.9799348423784653,0.15,False,LOW,NORMAL,Multi-factor anomaly (risk score > threshold)
T0226,2026-07-22 13:50:40,1000000.0,1.0984,Citigroup,EURUSD,SELL,John Smith,FX,CME,-0.6121418841864044,0.00019152072902594555,9,-0.6121418841864045,-0.3828773176112288,0.05099165067171474,2.9449142098932692,0.1957,False,LOW,NORMAL,Multi-factor anomaly (risk score > threshold)
T0225,2026-07-22 13:50:06,3483407.67,1.2726,Goldman Sachs,GBPUSD,SELL,John Smith,FX,NYSE,0.09445614520719402,0.0025223385243808103,12,0.094456145207194,-0.27356657119264993,1.1207465598685225,3.6385391596401915,0.166,False,LOW,NORMAL,Multi-factor anomaly (risk score > threshold)
T0224,2026-07-22 13:48:35,3754429.29,0.0067,Morgan Stanley,JPYUSD,SELL,Jane Doe,FX,CME,0.11851638533712869,0.003169293071573326,8,0.11851638533712867,-0.2432256820019783,-0.3055933190605545,2.4483573420563234,0.0721,False,LOW,NORMAL,Multi-factor anomaly (risk score > threshold)
T0223,2026-07-22 13:47:22,2748160.17,1.2732,Bank of America,GBPUSD,BUY,Bob Wilson,FX,NASDAQ,-0.08216298947587113,0.00299500346475075,3,-0.08216298947587117,-0.2513995199796808,-2.0885181677219005,0.9337636968297736,0.3115,False,LOW,NORMAL,Multi-factor anomaly (risk score > threshold)
T0222,2026-07-22 13:45:55,1733173.47,0.0067,UBS,JPYUSD,SELL,John Smith,FX,CBOE,-0.4538842823316147,0.003169293071573326,14,-0.4538842823316148,-0.2432256820019783,1.8339164993330608,4.382504500854118,0.2878,False,LOW,NORMAL,Multi-factor anomaly (risk score > threshold)
T0221,2026-07-22 13:45:21,3107154.45,1.265,JPMorgan Chase,GBPUSD,BUY,Jane Doe,FX,CBOE,0.004073630287909158,0.0034647507203035724,13,0.0040736302879091305,-0.22936930241617526,1.4773315296007916,3.9026688773312546,0.197,False,LOW,NORMAL,Multi-factor anomaly (risk score > threshold)
T0220,2026-07-22 13:44:44,328.2,179.2514,Morgan Stanley,GOOGL,SELL,Alice Johnson,Equities,CBOE,-0.02108873836548874,0.0010804486400127096,7,-0.02108873836548877,-0.3411883560562235,-0.6621782887928237,2.1087596299381994,0.0708,False,LOW,NORMAL,Multi-factor anomaly (risk score > threshold)
T0219,2026-07-22 13:43:33,3000235.3,1.2641,Goldman Sachs,GBPUSD,BUY,John Smith,FX,NYSE,-0.02161019421207066,0.004173748130858219,11,-0.02161019421207069,-0.19611872559673385,0.7641615901362532,3.3098962021240856,0.0858,False,LOW,NORMAL,Multi-factor anomaly (risk score > threshold)
T0218,2026-07-22 13:42:25,253.29,149.8236,Citigroup,AAPL,BUY,Jane Doe,Equities,NASDAQ,-0.2371945108391054,0.003494452198581405,9,-0.23719451083910545,-0.22797636180676534,0.05099165067171474,2.7959261399952164,0.0132,False,LOW,NORMAL,Multi-factor anomaly (risk score > threshold)
T0217,2026-07-22 13:41:46,164.34,419.1589,UBS,MSFT,BUY,John Smith,Equities,NYSE,-0.4484449354786486,0.0017834138347974319,14,-0.4484449354786487,-0.3082206782302952,1.8339164993330608,4.379912998341899,0.3155,False,LOW,NORMAL,Multi-factor anomaly (risk score > threshold)
T0216,2026-07-22 13:40:44,3019524.49,1.1015,JPMorgan Chase,EURUSD,BUY,Jane Doe,FX,CME,-0.0719989042100378,0.003014348218337545,12,-0.07199890421003784,-0.2504922892823392,1.1207465598685225,3.6297038661495162,0.0916,False,LOW,NORMAL,Multi-factor anomaly (risk score > threshold)
T0215,2026-07-22 13:39:57,336.21,418.989,JPMorgan Chase,MSFT,BUY,Bob Wilson,Equities,NYSE,-0.04686369470389672,0.0021880264959851315,11,-0.04686369470389676,-0.2892451443670396,0.7641615901362532,3.319401885830354,0.0827,False,LOW,NORMAL,Multi-factor anomaly (risk score > threshold)
T0214,2026-07-22 13:39:02,340.46,180.5529,JPMorgan Chase,GOOGL,BUY,John Smith,Equities,CBOE,0.007437863738139562,0.006172458707405653,10,0.007437863738139534,-0.10238315114191265,0.40757662040398396,3.0048268831074774,0.0953,False,LOW,NORMAL,Multi-factor anomaly (risk score > threshold)
T0213,2026-07-22 13:38:07,188.3,149.8196,UBS,AAPL,SELL,Jane Doe,Equities,CBOE,-0.41601509166547135,0.0035210569670637826,14,-0.41601509166547146,-0.2267286507643587,1.8339164993330608,4.3674623537563075,0.2751,False,LOW,NORMAL,Multi-factor anomaly (risk score > threshold)
T0212,2026-07-22 13:36:53,170.6,420.2122,Bank of America,MSFT,BUY,John Smith,Equities,CBOE,-0.4338181910366288,0.0007249941465380155,5,-0.4338181910366289,-0.3578584690427433,-1.3753482282573621,1.673744774658613,0.1901,False,LOW,NORMAL,Multi-factor anomaly (risk score > threshold)
T0211,2026-07-22 13:35:53,1878303.94,1.1005,Goldman Sachs,EURUSD,BUY,Alice Johnson,FX,CME,-0.3772302949357171,0.0021037587056564493,10,-0.3772302949357172,-0.29319713713036505,0.40757662040398396,3.1515232455859836,0.0542,False,LOW,NORMAL,Multi-factor anomaly (risk score > threshold)
T0210,2026-07-22 13:34:35,279.28,178.4015,Morgan Stanley,GOOGL,BUY,Jane Doe,Equities,CBOE,-0.13491593044619818,0.005816711378830059,7,-0.13491593044619823,-0.11906699751571001,-0.6621782887928237,2.155711385592128,0.0508,False,LOW,NORMAL,Multi-factor anomaly (risk score > threshold)
T0209,2026-07-22 13:33:39,259.7,180.5473,UBS,GOOGL,BUY,Alice Johnson,Equities,NASDAQ,-0.1804747289118623,0.006141251422622366,13,-0.18047472891186236,-0.10384671109934761,1.4773315296007916,3.9740322669915313,0.1496,False,LOW,NORMAL,Multi-factor anomaly (risk score > threshold)
T0208,2026-07-22 13:32:49,3538204.61,1.1019,Goldman Sachs,EURUSD,BUY,Bob Wilson,FX,NYSE,0.06672752721407393,0.0033785840234101857,9,0.06672752721407392,-0.23341035014311934,0.05099165067171474,2.7277045860926523,0.0571,False,LOW,NORMAL,Multi-factor anomaly (risk score > threshold)
T0207,2026-07-22 13:31:37,431.62,427.6976,Goldman Sachs,MSFT,BUY,Bob Wilson,Equities,CBOE,0.17606564830139268,0.018551289697177724,8,0.17606564830139268,0.4781595484968665,-0.3055933190605545,2.4759916462297102,0.4327,False,LOW,NORMAL,Multi-factor anomaly (risk score > threshold)
T0206,2026-07-22 13:30:20,373.15,151.2118,Morgan Stanley,AAPL,BUY,Alice Johnson,Equities,NYSE,0.09260137803377078,0.005738732703249422,7,0.09260137803377076,-0.12272404323135501,-0.6621782887928237,2.1387621710244833,0.1192,False,LOW,NORMAL,Multi-factor anomaly (risk score > threshold)
T0205,2026-07-22 13:29:42,1541483.06,0.0067,UBS,JPYUSD,BUY,Alice Johnson,FX,NYSE,-0.5081692063793264,0.003169293071573326,12,-0.5081692063793265,-0.2432256820019783,1.1207465598685225,3.8042184704732023,0.1679,False,LOW,NORMAL,Multi-factor anomaly (risk score > threshold)
T0204,2026-07-22 13:27:44,3041099.71,0.0067,Citigroup,JPYUSD,SELL,Jane Doe,FX,NASDAQ,-0.0834918532142212,0.003169293071573326,8,-0.08349185321422124,-0.2432256820019783,-0.3055933190605545,2.4343475292071606,0.0162,False,LOW,NORMAL,Multi-factor anomaly (risk score > threshold)
T0203,2026-07-22 13:27:14,2303525.17,1.2681,Goldman Sachs,GBPUSD,SELL,John Smith,FX,CBOE,-0.1889719877380953,0.0010226485283927728,8,-0.18897198773809534,-0.3438990670164899,-0.3055933190605545,2.475895589653756,0.0297,False,LOW,NORMAL,Multi-factor anomaly (risk score > threshold)
T0202,2026-07-22 13:26:41,175.75,149.472,JPMorgan Chase,AAPL,BUY,Jane Doe,Equities,NYSE,-0.450546531723494,0.005833011348187805,14,-0.4505465317234941,-0.11830256117896756,1.8339164993330608,4.381968516093854,0.3267,False,LOW,NORMAL,Multi-factor anomaly (risk score > threshold)
T0201,2026-07-22 13:25:39,263.55,150.9021,Morgan Stanley,AAPL,SELL,Jane Doe,Equities,NYSE,-0.20896402677573384,0.0036788585034963793,8,-0.2089640267757339,-0.219328070689922,-0.3055933190605545,2.4846892682613424,0.0069,False,LOW,NORMAL,Multi-factor anomaly (risk score > threshold)
T0200,2026-07-22 13:24:17,247.68,426.7314,JPMorgan Chase,MSFT,BUY,John Smith,Equities,CME,-0.25371763806683834,0.01625030821842865,13,-0.25371763806683845,0.3702480663386944,1.4773315296007916,4.006362147692264,0.3831,False,LOW,NORMAL,Multi-factor anomaly (risk score > threshold)
T0199,2026-07-22 13:22:32,1950486.86,0.0067,Bank of America,JPYUSD,BUY,Bob Wilson,FX,NASDAQ,-0.3923431709598943,0.003169293071573326,6,-0.3923431709598944,-0.2432256820019783,-1.018763258525093,1.9578880563054295,0.0825,False,LOW,NORMAL,Multi-factor anomaly (risk score > threshold)
T0198,2026-07-22 13:21:58,255.08,150.4801,Citigroup,AAPL,BUY,Jane Doe,Equities,CME,-0.23226930942843918,0.0008720554285989953,7,-0.23226930942843924,-0.35096158566413016,-0.6621782887928237,2.1931693403999555,0.0504,False,LOW,NORMAL,Multi-factor anomaly (risk score > threshold)
T0197,2026-07-22 13:20:39,183.92,182.327,Citigroup,GOOGL,SELL,Jane Doe,Equities,NASDAQ,-0.35679984370900375,0.016059037981362552,7,-0.35679984370900386,0.36127787037441883,-0.6621782887928237,2.2475376488780103,0.279,False,LOW,NORMAL,Multi-factor anomaly (risk score > threshold)
T0196,2026-07-22 13:19:27,2258782.65,0.0074,Citigroup,JPYUSD,BUY,Jane Doe,FX,NYSE,-0.3050366982762621,0.10097719869706828,6,-0.30503669827626223,4.343771719025248,-1.018763258525093,1.9523078389196251,0.7316,True,MEDIUM,PRICE_ANOMALY,Price 10.1% away from average
T0195,2026-07-22 13:17:49,214.92,152.1494,Morgan Stanley,AAPL,SELL,John Smith,Equities,NASDAQ,-0.34276991761411174,0.011974890435533344,8,-0.34276991761411185,0.16973942510944798,-0.3055933190605545,2.5407004341763044,0.1586,False,LOW,NORMAL,Multi-factor anomaly (risk score > threshold)
T0194,2026-07-22 13:16:19,223.85,149.5809,JPMorgan Chase,AAPL,SELL,John Smith,Equities,NYSE,-0.31819894074414024,0.005108696526253343,13,-0.31819894074414035,-0.15227149430856968,1.4773315296007916,4.028812185255532,0.1715,False,LOW,NORMAL,Multi-factor anomaly (risk score > threshold)
T0193,2026-07-22 13:16:00,324.72,418.341,UBS,MSFT,BUY,John Smith,Equities,CME,-0.0737105467228755,0.0037312225198200518,12,-0.07371054672287554,-0.2168723018515243,1.1207465598685225,3.6306035854450958,0.0981,False,LOW,NORMAL,Multi-factor anomaly (risk score > threshold)
T0192,2026-07-22 13:15:23,1445286.53,1.0982,Goldman Sachs,EURUSD,SELL,Bob Wilson,FX,NASDAQ,-0.4930453372277014,9.402826489726364e-06,9,-0.4930453372277015,-0.39141828718083405,0.05099165067171474,2.8972209557390274,0.1602,False,LOW,NORMAL,Multi-factor anomaly (risk score > threshold)
T0191,2026-07-22 13:13:47,3858769.04,0.0075,Citigroup,JPYUSD,BUY,Bob Wilson,FX,NYSE,0.14806442273715942,0.11585526894973128,5,0.14806442273715942,5.041523798929477,-1.3753482282573621,1.5939823497797831,0.8956,True,HIGH,PRICE_ANOMALY,Price 11.6% away from average
T0190,2026-07-22 13:13:13,197.22,419.5228,Morgan Stanley,MSFT,BUY,Alice Johnson,Equities,CBOE,-0.3716194790483592,0.0009167949565974982,8,-0.3716194790483593,-0.3488633902540566,-0.3055933190605545,2.548922830106323,0.0543,False,LOW,NORMAL,Multi-factor anomaly (risk score > threshold)
T0189,2026-07-22 13:11:44,214.28,151.666,Goldman Sachs,AAPL,SELL,Alice Johnson,Equities,NASDAQ,-0.3445308834816125,0.008759704164430374,9,-0.3445308834816126,0.01895354563424671,0.05099165067171474,2.8404402646419737,0.0814,False,LOW,NORMAL,Multi-factor anomaly (risk score > threshold)
T0188,2026-07-22 13:10:31,1833841.93,1.0955,Goldman Sachs,EURUSD,BUY,Jane Doe,FX,CBOE,-0.3891221252631319,0.002449188857749637,8,-0.389122125263132,-0.2769971459358406,-0.3055933190605545,2.5563836067625774,0.0396,False,LOW,NORMAL,Multi-factor anomaly (risk score > threshold)
T0187,2026-07-22 13:09:22,132.86,152.4021,UBS,AAPL,BUY,Alice Johnson,Equities,NASDAQ,-0.5685587599377244,0.013655646684411321,11,-0.5685587599377245,0.2485635702136647,0.7641615901362532,3.531520197980413,0.3704,False,LOW,NORMAL,Multi-factor anomaly (risk score > threshold)
T0186,2026-07-22 13:07:47,1101751.35,1.2666,UBS,GBPUSD,SELL,Bob Wilson,FX,NASDAQ,-0.47765879343707646,0.002204310879317359,10,-0.47765879343707657,-0.2884814389840793,0.40757662040398396,3.191724810638626,0.0777,False,LOW,NORMAL,Multi-factor anomaly (risk score > threshold)
T0185,2026-07-22 13:06:18,1491485.93,1.2686,JPMorgan Chase,GBPUSD,BUY,John Smith,FX,NASDAQ,-0.38403782325265856,0.0006287610780846358,13,-0.38403782325265867,-0.3623716096939574,1.4773315296007916,4.053803757624489,0.2471,False,LOW,NORMAL,Multi-factor anomaly (risk score > threshold)
T0184,2026-07-22 13:04:24,2879493.33,1.2624,UBS,GBPUSD,BUY,Alice Johnson,FX,CBOE,-0.050614498560373186,0.00551296546190606,9,-0.05061449856037322,-0.13331208049333626,0.05099165067171474,2.7218996890627207,0.0519,False,LOW,NORMAL,Multi-factor anomaly (risk score > threshold)
T0183,2026-07-22 13:02:41,2259739.52,1.2716,UBS,GBPUSD,SELL,John Smith,FX,NYSE,-0.1994900562994104,0.0017345636237645363,8,-0.19949005629941047,-0.3105116565475849,-0.3055933190605545,2.4803163916068933,0.032,False,LOW,NORMAL,Multi-factor anomaly (risk score > threshold)
T0182,2026-07-22 13:01:27,17438672.65,0.0067,Goldman Sachs,JPYUSD,BUY,Jane Doe,FX,CME,3.993765603323582,0.003169293071573326,9,3.9937656033235824,-0.2432256820019783,0.05099165067171474,4.298457029250905,0.6023,False,LOW,NORMAL,3.99x normal quantity for JPYUSD
T0181,2026-07-22 13:00:46,206.54,423.6591,Citigroup,MSFT,SELL,Bob Wilson,Equities,CME,-0.34984292023052777,0.008933701514681373,7,-0.3498429202305279,0.027113677356553144,-0.6621782887928237,2.2426172785466156,0.1006,False,LOW,NORMAL,Multi-factor anomaly (risk score > threshold)
T0180,2026-07-22 12:58:53,354.95,423.1068,JPMorgan Chase,MSFT,SELL,Jane Doe,Equities,CME,-0.0030769230036648346,0.007618412681403482,13,-0.0030769230036648636,-0.03457076850968341,1.4773315296007916,3.903516293005887,0.2189,False,LOW,NORMAL,Multi-factor anomaly (risk score > threshold)
T0179,2026-07-22 12:58:51,146.1,148.6712,Goldman Sachs,AAPL,SELL,John Smith,Equities,NASDAQ,-0.5321287785538026,0.011159285998372325,8,-0.5321287785538027,0.13148918951143024,-0.3055933190605545,2.6161992972210326,0.2063,False,LOW,NORMAL,Multi-factor anomaly (risk score > threshold)
T0178,2026-07-22 12:57:36,2042878.31,0.0067,Goldman Sachs,JPYUSD,BUY,Jane Doe,FX,NYSE,-0.3661787799196333,0.003169293071573326,8,-0.36617877991963343,-0.2432256820019783,-0.3055933190605545,2.547422299889325,0.0254,False,LOW,NORMAL,Multi-factor anomaly (risk score > threshold)
T0177,2026-07-22 12:57:05,320.49,151.0152,UBS,AAPL,SELL,John Smith,Equities,CBOE,-0.052293094751525826,0.0044311083323373855,7,-0.05229309475152586,-0.18404904096579064,-0.6621782887928237,2.1222465704003115,0.0601,False,LOW,NORMAL,Multi-factor anomaly (risk score > threshold)
T0176,2026-07-22 12:55:50,1797233.5,1.2762,Morgan Stanley,GBPUSD,BUY,Jane Doe,FX,NYSE,-0.31059198189332055,0.005358328166599747,9,-0.31059198189332066,-0.14056426391486784,0.05099165067171474,2.825844291207308,0.0314,False,LOW,NORMAL,Multi-factor anomaly (risk score > threshold)
T0175,2026-07-22 12:54:49,1505158.9,1.1038,Citigroup,EURUSD,BUY,Alice Johnson,FX,NYSE,-0.477031844690135,0.005108704097504268,6,-0.4770318446901351,-0.1522711392318702,-1.018763258525093,1.9923453491053051,0.1448,False,LOW,NORMAL,Multi-factor anomaly (risk score > threshold)
T0174,2026-07-22 12:53:16,237.88,474.7534,JPMorgan Chase,MSFT,SELL,Alice Johnson,Equities,NYSE,-0.276615736394601,0.13061351725639814,14,-0.27661573639460113,5.733656466462534,1.8339164993330608,4.34983034973476,0.892,True,HIGH,PRICE_ANOMALY,Price 13.1% away from average
T0173,2026-07-22 12:52:09,222.23,180.0336,UBS,GOOGL,SELL,Jane Doe,Equities,CME,-0.2676600291421195,0.0032785403166916698,6,-0.2676600291421196,-0.2381022021950801,-1.018763258525093,1.9080475737518552,0.0633,False,LOW,NORMAL,Multi-factor anomaly (risk score > threshold)
T0172,2026-07-22 12:50:47,438.67,414.4344,JPMorgan Chase,MSFT,BUY,Alice Johnson,Equities,NYSE,0.1925382598535077,0.013034694104254991,13,0.1925382598535077,0.21944212186935227,1.4773315296007916,3.9809257121726795,0.442,False,LOW,NORMAL,Multi-factor anomaly (risk score > threshold)
T0171,2026-07-22 12:50:01,231.91,150.4225,JPMorgan Chase,AAPL,SELL,Jane Doe,Equities,CME,-0.29602177685030256,0.0004889467624519983,13,-0.2960217768503027,-0.36892862467482146,1.4773315296007916,4.018555394768857,0.228,False,LOW,NORMAL,Multi-factor anomaly (risk score > threshold)
T0170,2026-07-22 12:49:07,3884977.75,1.2659,JPMorgan Chase,GBPUSD,BUY,Alice Johnson,FX,CBOE,0.19092020668881654,0.002755753309748751,12,0.19092020668881654,-0.2626198792356249,1.1207465598685225,3.677194808668451,0.2073,False,LOW,NORMAL,Multi-factor anomaly (risk score > threshold)
T0169,2026-07-22 12:47:29,1539771.7,0.0067,UBS,JPYUSD,SELL,Bob Wilson,FX,NYSE,-0.5086538474608405,0.003169293071573326,6,-0.5086538474608406,-0.2432256820019783,-1.018763258525093,2.004412326905808,0.1217,False,LOW,NORMAL,Multi-factor anomaly (risk score > threshold)
T0168,2026-07-22 12:46:04,2830010.84,1.2681,UBS,GBPUSD,SELL,John Smith,FX,CBOE,-0.06250104637694306,0.0010226485283927728,5,-0.0625010463769431,-0.3438990670164899,-1.3753482282573621,1.525307213109295,0.1525,False,LOW,NORMAL,Multi-factor anomaly (risk score > threshold)
T0167,2026-07-22 12:45:03,208.36,182.7089,Bank of America,GOOGL,BUY,Alice Johnson,Equities,CBOE,-0.29993278372428295,0.018187263348999182,10,-0.29993278372428306,0.4610874324718695,0.40757662040398396,3.125429292494413,0.3036,False,LOW,NORMAL,Multi-factor anomaly (risk score > threshold)
T0166,2026-07-22 12:44:30,2080808.61,1.2714,Bank of America,GBPUSD,BUY,Bob Wilson,FX,NASDAQ,-0.2424723479661667,0.0015770086436412815,9,-0.24247234796616676,-0.3179006736185719,0.05099165067171474,2.797462041779559,0.0353,False,LOW,NORMAL,Multi-factor anomaly (risk score > threshold)
T0165,2026-07-22 12:43:50,1142530.82,0.0067,Citigroup,JPYUSD,SELL,John Smith,FX,NASDAQ,-0.6211487343956962,0.003169293071573326,8,-0.6211487343956963,-0.2432256820019783,-0.3055933190605545,2.6494102816797502,0.1493,False,LOW,NORMAL,Multi-factor anomaly (risk score > threshold)
T0164,2026-07-22 12:41:59,2083339.95,1.2719,UBS,GBPUSD,BUY,John Smith,FX,CME,-0.2418642764251025,0.0019708960939494188,4,-0.24186427642510255,-0.2994281309411044,-1.7319331979896313,1.2973369793982257,0.2152,False,LOW,NORMAL,Multi-factor anomaly (risk score > threshold)
T0163,2026-07-22 12:40:26,2030.39,417.7473,UBS,MSFT,BUY,Bob Wilson,Equities,NASDAQ,3.911656736411303,0.0051451044323985356,4,3.9116567364113033,-0.1505640354912396,-1.7319331979896313,2.7662062258942406,0.7225,True,MEDIUM,SIZE_ANOMALY,3.91x normal quantity for MSFT
T0162,2026-07-22 12:38:57,20385880.02,1.1042,JPMorgan Chase,EURUSD,SELL,Jane Doe,FX,CBOE,4.572814800080942,0.005472939902576909,14,4.572814800080943,-0.13518920009265037,1.8339164993330608,6.03076780200315,0.8266,True,MEDIUM,SIZE_ANOMALY,4.57x normal quantity for EURUSD
T0161,2026-07-22 12:38:11,237.47,180.2113,Morgan Stanley,GOOGL,BUY,Alice Johnson,Equities,NASDAQ,-0.23219955474902848,0.004268814335620711,13,-0.23219955474902854,-0.19166030854565444,1.4773315296007916,3.9941604662002974,0.1379,False,LOW,NORMAL,Multi-factor anomaly (risk score > threshold)
T0160,2026-07-22 12:37:03,325.64,151.838,Bank of America,AAPL,SELL,John Smith,Equities,NYSE,-0.038122822536480735,0.009903709209175268,9,-0.03812282253648077,0.07260512045785705,0.05099165067171474,2.7182202417773444,0.1213,False,LOW,NORMAL,Multi-factor anomaly (risk score > threshold)
T0159,2026-07-22 12:35:49,319.97,180.6072,JPMorgan Chase,GOOGL,BUY,Bob Wilson,Equities,NYSE,-0.040238325258870465,0.0064750579152157975,14,-0.0402383252588705,-0.0881918465546051,1.8339164993330608,4.218037847478113,0.29,False,LOW,NORMAL,Multi-factor anomaly (risk score > threshold)
T0158,2026-07-22 12:35:07,349.29,416.1971,Bank of America,MSFT,SELL,Alice Johnson,Equities,CME,-0.016301743058270545,0.00883686751287545,8,-0.016301743058270576,0.022572354119190518,-0.3055933190605545,2.409171757477171,0.0881,False,LOW,NORMAL,Multi-factor anomaly (risk score > threshold)
T0157,2026-07-22 12:34:05,211.18,420.7519,Bank of America,MSFT,BUY,Jane Doe,Equities,CBOE,-0.3390013716345258,0.00201027639046351,7,-0.3390013716345259,-0.29758127289208863,-0.6621782887928237,2.2362036315709495,0.0598,False,LOW,NORMAL,Multi-factor anomaly (risk score > threshold)
T0156,2026-07-22 12:32:34,182.05,151.1698,Morgan Stanley,AAPL,BUY,John Smith,Equities,NYSE,-0.4332120239652834,0.005459382634183794,12,-0.4332120239652835,-0.1358250091766559,1.1207465598685225,3.774922624376368,0.1553,False,LOW,NORMAL,Multi-factor anomaly (risk score > threshold)
T0155,2026-07-22 12:30:53,204.04,149.5348,JPMorgan Chase,AAPL,SELL,Bob Wilson,Equities,NYSE,-0.3727063373616246,0.005415316483013622,14,-0.37270633736162473,-0.13789162454479198,1.8339164993330608,4.350707129889554,0.2632,False,LOW,NORMAL,Multi-factor anomaly (risk score > threshold)
T0154,2026-07-22 12:29:08,353.37,180.9844,JPMorgan Chase,GOOGL,SELL,Jane Doe,Equities,CBOE,0.03747688764987222,0.008577091454552032,13,0.0374768876498722,0.010389370578563364,1.4773315296007916,3.9175638824963146,0.2463,False,LOW,NORMAL,Multi-factor anomaly (risk score > threshold)
T0153,2026-07-22 12:28:49,222.0,416.0568,Morgan Stanley,MSFT,SELL,John Smith,Equities,CBOE,-0.3137200018481593,0.009170988503838413,12,-0.3137200018481594,0.03824196801567964,1.1207465598685225,3.728239297290415,0.1651,False,LOW,NORMAL,Multi-factor anomaly (risk score > threshold)
T0152,2026-07-22 12:28:03,202.2,151.4268,JPMorgan Chase,AAPL,BUY,Jane Doe,Equities,CME,-0.3777691142306893,0.007168739009180397,12,-0.37776911423068943,-0.055659574701848714,1.1207465598685225,3.7532582673950294,0.1498,False,LOW,NORMAL,Multi-factor anomaly (risk score > threshold)
T0151,2026-07-22 12:28:02,3375327.19,1.2762,Goldman Sachs,GBPUSD,SELL,Jane Doe,FX,NYSE,0.06849334920485423,0.005358328166599747,9,0.06849334920485421,-0.14056426391486784,0.05099165067171474,2.7290048381319214,0.0748,False,LOW,NORMAL,Multi-factor anomaly (risk score > threshold)
T0150,2026-07-22 12:26:36,2922309.16,1.2642,Morgan Stanley,GBPUSD,BUY,John Smith,FX,NASDAQ,-0.04032939749530703,0.004094970640796592,11,-0.04032939749530706,-0.19981323413222732,0.7641615901362532,3.3173602501903616,0.0799,False,LOW,NORMAL,Multi-factor anomaly (risk score > threshold)
T0149,2026-07-22 12:24:39,247.4,150.2811,UBS,AAPL,BUY,John Smith,Equities,NASDAQ,-0.25340089983844827,0.00045153180340227957,7,-0.2534008998384484,-0.37068331228236245,-0.6621782887928237,2.2014958194764,0.0806,False,LOW,NORMAL,Multi-factor anomaly (risk score > threshold)
T0148,2026-07-22 12:23:58,1103988.32,1.099,Goldman Sachs,EURUSD,BUY,John Smith,FX,NYSE,-0.5843291186935056,0.0007378744366346031,8,-0.5843291186935057,-0.35725440890241333,-0.3055933190605545,2.6339530098083923,0.1551,False,LOW,NORMAL,Multi-factor anomaly (risk score > threshold)
T0147,2026-07-22 12:22:27,4448278.48,1.2675,JPMorgan Chase,GBPUSD,SELL,Jane Doe,FX,NYSE,0.32623476063009343,0.0014953134687625373,13,0.32623476063009343,-0.321732015803529,1.4773315296007916,4.030942498292666,0.321,False,LOW,NORMAL,Multi-factor anomaly (risk score > threshold)
T0146,2026-07-22 12:21:48,1862.9,419.9332,Citigroup,MSFT,SELL,Alice Johnson,Equities,CME,3.5203095436646725,6.0562525164622564e-05,9,3.520309543664673,-0.38901899845914695,0.05099165067171474,4.108141986223418,0.6295,False,LOW,NORMAL,3.52x normal quantity for MSFT
T0145,2026-07-22 12:20:40,201.21,151.2523,Bank of America,AAPL,SELL,Bob Wilson,Equities,NASDAQ,-0.3804931083069795,0.0060081059841339945,8,-0.38049310830697963,-0.11009096892696431,-0.3055933190605545,2.553999675118032,0.04,False,LOW,NORMAL,Multi-factor anomaly (risk score > threshold)
T0144,2026-07-22 12:19:29,3264165.25,1.0998,Goldman Sachs,EURUSD,BUY,Bob Wilson,FX,CME,-0.006567170262566343,0.001466346046779682,7,-0.006567170262566372,-0.32309053062398313,-0.6621782887928237,2.1030667719190603,0.0696,False,LOW,NORMAL,Multi-factor anomaly (risk score > threshold)
T0143,2026-07-22 12:18:05,3517475.04,1.091,Morgan Stanley,EURUSD,SELL,Alice Johnson,FX,CBOE,0.06118318656909933,0.006546841664814973,12,0.06118318656909931,-0.08482533061970525,1.1207465598685225,3.6264373271270838,0.1664,False,LOW,NORMAL,Multi-factor anomaly (risk score > threshold)
T0142,2026-07-22 12:17:05,2834979.8,1.2692,Bank of America,GBPUSD,BUY,Alice Johnson,FX,NASDAQ,-0.0613074164557604,0.00015609613771469644,7,-0.06130741645576043,-0.3845386609069265,-0.6621782887928237,2.1245697954236187,0.1104,False,LOW,NORMAL,Multi-factor anomaly (risk score > threshold)
T0141,2026-07-22 12:15:14,260.87,153.0058,Morgan Stanley,GOOGL,SELL,Jane Doe,Equities,CBOE,-0.1777523696572746,0.1473400760525388,11,-0.17775236965727464,6.518099004469676,0.7641615901362532,3.4153029706786713,0.8785,True,HIGH,PRICE_ANOMALY,Price 14.7% away from average
T0140,2026-07-22 12:14:38,312.83,151.6416,Goldman Sachs,AAPL,SELL,Alice Johnson,Equities,CBOE,-0.07336965497817559,0.008597415076687586,6,-0.07336965497817563,0.011342508275552814,-1.018763258525093,1.8319270865142763,0.1482,False,LOW,NORMAL,Multi-factor anomaly (risk score > threshold)
T0139,2026-07-22 12:12:40,184.85,150.0537,Citigroup,AAPL,BUY,Alice Johnson,Equities,NYSE,-0.42550779829496765,0.001964012891629099,11,-0.42550779829496777,-0.2997509395213734,0.7641615901362532,3.4707923231854756,0.1126,False,LOW,NORMAL,Multi-factor anomaly (risk score > threshold)
T0138,2026-07-22 12:12:03,226.92,179.0512,JPMorgan Chase,GOOGL,BUY,Alice Johnson,Equities,NASDAQ,-0.25674732409595175,0.0021961090710177936,14,-0.25674732409595186,-0.28886608757780224,1.8339164993330608,4.303357762359687,0.2196,False,LOW,NORMAL,Multi-factor anomaly (risk score > threshold)
T0137,2026-07-22 12:10:33,2634884.06,1.2687,Citigroup,GBPUSD,BUY,John Smith,FX,CBOE,-0.10937386544411812,0.0005499835880230084,10,-0.10937386544411816,-0.3660661182294509,0.40757662040398396,3.043914541254054,0.0749,False,LOW,NORMAL,Multi-factor anomaly (risk score > threshold)
T0136,2026-07-22 12:09:22,23598743.62,1.095,Goldman Sachs,EURUSD,SELL,Alice Johnson,FX,NASDAQ,5.432128825612565,0.0029044836140901848,5,5.4321288256125655,-0.25564472201182775,-1.3753482282573621,3.673722875329253,0.7276,True,MEDIUM,SIZE_ANOMALY,5.43x normal quantity for EURUSD
T0135,2026-07-22 12:07:40,406.1,179.5614,Bank of America,GOOGL,BUY,Jane Doe,Equities,NASDAQ,0.16016919832885443,0.0006470974819232884,7,0.16016919832885443,-0.36151166860622835,-0.6621782887928237,2.1642618085761187,0.147,False,LOW,NORMAL,Multi-factor anomaly (risk score > threshold)
T0134,2026-07-22 12:06:15,142.42,180.8367,Citigroup,GOOGL,BUY,John Smith,Equities,CBOE,-0.45336215914950745,0.007753999318390995,9,-0.45336215914950756,-0.028212023298870622,0.05099165067171474,2.88367106345532,0.1043,False,LOW,NORMAL,Multi-factor anomaly (risk score > threshold)
T0133,2026-07-22 12:05:10,1119344.33,1.2651,Goldman Sachs,GBPUSD,BUY,John Smith,FX,NYSE,-0.47343265611039875,0.003385973230241945,4,-0.47343265611039886,-0.23306381095166878,-1.7319331979896313,1.3903888544132321,0.2258,False,LOW,NORMAL,Multi-factor anomaly (risk score > threshold)
T0132,2026-07-22 12:03:47,269.2,151.1792,JPMorgan Chase,AAPL,BUY,Alice Johnson,Equities,NASDAQ,-0.19341799997670378,0.005521903840117523,15,-0.19341799997670384,-0.13289288822699363,2.19050146906533,4.579023771142717,0.3742,False,LOW,NORMAL,Multi-factor anomaly (risk score > threshold)
T0131,2026-07-22 12:02:25,4004180.53,0.0067,Bank of America,JPYUSD,BUY,Jane Doe,FX,CBOE,0.18924359122198123,0.003169293071573326,7,0.18924359122198123,-0.2432256820019783,-0.6621782887928237,2.1766482244102647,0.115,False,LOW,NORMAL,Multi-factor anomaly (risk score > threshold)
T0130,2026-07-22 12:00:30,3327268.95,1.2744,Bank of America,GBPUSD,SELL,John Smith,FX,NYSE,0.056948930810788244,0.003940333345490279,7,0.05694893081078822,-0.2070654175537589,-0.6621782887928237,2.1239616723279626,0.0759,False,LOW,NORMAL,Multi-factor anomaly (risk score > threshold)
T0129,2026-07-22 11:59:19,148.12,418.4227,Morgan Stanley,MSFT,SELL,John Smith,Equities,NASDAQ,-0.4863436247517415,0.0035366559840988515,12,-0.4863436247517416,-0.22599708770571994,1.1207465598685225,3.795598446695926,0.1647,False,LOW,NORMAL,Multi-factor anomaly (risk score > threshold)
T0128,2026-07-22 11:58:46,2485082.7,0.0067,Goldman Sachs,JPYUSD,SELL,Bob Wilson,FX,NYSE,-0.2409506491815611,0.003169293071573326,5,-0.24095064918156114,-0.2432256820019783,-1.3753482282573621,1.5973310475940965,0.0828,False,LOW,NORMAL,Multi-factor anomaly (risk score > threshold)
T0127,2026-07-22 11:56:56,1184897.94,0.0067,Morgan Stanley,JPYUSD,BUY,John Smith,FX,NASDAQ,-0.6091507638591406,0.003169293071573326,11,-0.6091507638591407,-0.2432256820019783,0.7641615901362532,3.5446110934651283,0.2069,False,LOW,NORMAL,Multi-factor anomaly (risk score > threshold)
T0126,2026-07-22 11:56:03,215.61,181.5675,JPMorgan Chase,GOOGL,SELL,Jane Doe,Equities,CME,-0.28306346355696604,0.011826549982619373,14,-0.28306346355696616,0.16278255114683632,1.8339164993330608,4.316773350417573,0.3474,False,LOW,NORMAL,Multi-factor anomaly (risk score > threshold)
T0125,2026-07-22 11:55:44,274.77,151.044,JPMorgan Chase,AAPL,BUY,Alice Johnson,Equities,CME,-0.17809209391111125,0.004622662665411072,13,-0.1780920939111113,-0.17506552146043616,1.4773315296007916,3.9726236363640677,0.1482,False,LOW,NORMAL,Multi-factor anomaly (risk score > threshold)
T0124,2026-07-22 11:54:28,2293142.83,0.0067,Goldman Sachs,JPYUSD,SELL,Alice Johnson,FX,CBOE,-0.2953062179587245,0.003169293071573326,5,-0.29530621795872464,-0.2432256820019783,-1.3753482282573621,1.619073275104962,0.0961,False,LOW,NORMAL,Multi-factor anomaly (risk score > threshold)
T0123,2026-07-22 11:53:52,2607411.59,1.2737,Citigroup,GBPUSD,SELL,Alice Johnson,FX,CME,-0.11597322671907179,0.003388890915058887,8,-0.11597322671907183,-0.23292697730221334,-0.3055933190605545,2.4474059579621463,0.012,False,LOW,NORMAL,Multi-factor anomaly (risk score > threshold)
T0122,2026-07-22 11:51:55,243.31,420.1007,Citigroup,MSFT,SELL,Alice Johnson,Equities,NYSE,-0.26392832068850397,0.0004594596455232493,7,-0.2639283206885041,-0.37031151216076613,-0.6621782887928237,2.2057091661690587,0.0787,False,LOW,NORMAL,Multi-factor anomaly (risk score > threshold)
T0121,2026-07-22 11:50:14,288.53,179.5761,JPMorgan Chase,GOOGL,BUY,Bob Wilson,Equities,CME,-0.11339300471548351,0.0007290166044796346,12,-0.11339300471548355,-0.35766982371795136,1.1207465598685225,3.645575906867537,0.1328,False,LOW,NORMAL,Multi-factor anomaly (risk score > threshold)
T0120,2026-07-22 11:48:18,2077175.17,0.0066,UBS,JPYUSD,SELL,Bob Wilson,FX,NYSE,-0.35646623123149085,0.01804736332423645,11,-0.35646623123149096,0.45452639790225674,0.7641615901362532,3.448000701489867,0.3825,False,LOW,NORMAL,Multi-factor anomaly (risk score > threshold)
T0119,2026-07-22 11:47:48,2727329.25,1.2744,Citigroup,GBPUSD,SELL,Jane Doe,FX,NASDAQ,-0.08716693585454245,0.003940333345490279,8,-0.0871669358545425,-0.2070654175537589,-0.3055933190605545,2.436048874345464,0.0262,False,LOW,NORMAL,Multi-factor anomaly (risk score > threshold)
T0118,2026-07-22 11:46:32,1913092.22,1.2726,Morgan Stanley,GBPUSD,BUY,Jane Doe,FX,NYSE,-0.28276071844545086,0.0025223385243808103,14,-0.282760718445451,-0.27356657119264993,1.8339164993330608,4.313860988935494,0.2141,False,LOW,NORMAL,Multi-factor anomaly (risk score > threshold)
T0117,2026-07-22 11:45:34,2298333.48,1.2658,JPMorgan Chase,GBPUSD,BUY,John Smith,FX,CME,-0.19021912124802592,0.002834530799810378,12,-0.19021912124802598,-0.25892537070013144,1.1207465598685225,3.676938007739153,0.1019,False,LOW,NORMAL,Multi-factor anomaly (risk score > threshold)
T0116,2026-07-22 11:45:31,2326799.1,0.0067,Morgan Stanley,JPYUSD,SELL,John Smith,FX,NASDAQ,-0.28577507834313665,0.003169293071573326,14,-0.28577507834313676,-0.2432256820019783,1.8339164993330608,4.315260819258727,0.2013,False,LOW,NORMAL,Multi-factor anomaly (risk score > threshold)
T0115,2026-07-22 11:44:36,262.1,181.1167,Morgan Stanley,GOOGL,BUY,Jane Doe,Equities,CME,-0.17489040223578492,0.009314363557558988,13,-0.17489040223578498,0.04496597457304922,1.4773315296007916,3.9727504699615817,0.2133,False,LOW,NORMAL,Multi-factor anomaly (risk score > threshold)
T0114,2026-07-22 11:44:35,234.25,416.8163,Morgan Stanley,MSFT,BUY,John Smith,Equities,NASDAQ,-0.285097378938456,0.007362257978988591,12,-0.2850973789384561,-0.04658391761786482,1.1207465598685225,3.7162476289690787,0.1223,False,LOW,NORMAL,Multi-factor anomaly (risk score > threshold)
T0113,2026-07-22 11:44:04,131.24,182.0383,Goldman Sachs,GOOGL,BUY,Bob Wilson,Equities,NYSE,-0.4793758142489009,0.014450190996191815,4,-0.479375814248901,0.2858261275686203,-1.7319331979896313,1.396085382998418,0.4147,False,LOW,NORMAL,Multi-factor anomaly (risk score > threshold)
T0112,2026-07-22 11:42:43,202.94,149.4055,JPMorgan Chase,AAPL,BUY,Jane Doe,Equities,NASDAQ,-0.37573299744639155,0.006275315624208494,13,-0.37573299744639166,-0.09755936509890262,1.4773315296007916,4.052175793665819,0.1964,False,LOW,NORMAL,Multi-factor anomaly (risk score > threshold)
T0111,2026-07-22 11:42:13,3403727.99,1.2726,JPMorgan Chase,GBPUSD,BUY,Bob Wilson,FX,NASDAQ,0.07531571136223231,0.0025223385243808103,12,0.0753157113622323,-0.27356657119264993,1.1207465598685225,3.6308829861022067,0.1551,False,LOW,NORMAL,Multi-factor anomaly (risk score > threshold)
T0110,2026-07-22 11:40:53,2347865.34,0.0067,UBS,JPYUSD,BUY,Jane Doe,FX,CME,-0.27980931699716816,0.003169293071573326,10,-0.27980931699716827,-0.2432256820019783,0.40757662040398396,3.1128745147203394,0.0134,False,LOW,NORMAL,Multi-factor anomaly (risk score > threshold)
T0109,2026-07-22 11:39:16,1165959.81,1.2757,Morgan Stanley,GBPUSD,SELL,Bob Wilson,FX,NYSE,-0.4622348135601885,0.00496444071629161,12,-0.4622348135601886,-0.1590368065923353,1.1207465598685225,3.7863832576389624,0.1723,False,LOW,NORMAL,Multi-factor anomaly (risk score > threshold)
T0108,2026-07-22 11:38:35,3152204.44,1.1045,UBS,EURUSD,BUY,John Smith,FX,CBOE,-0.036512261720193485,0.005746116756381237,10,-0.03651226172019352,-0.12237774573824262,0.40757662040398396,3.0163287397149916,0.0783,False,LOW,NORMAL,Multi-factor anomaly (risk score > threshold)
T0107,2026-07-22 11:37:40,2297593.8,1.0968,Bank of America,EURUSD,BUY,John Smith,FX,CME,-0.2650868296914439,0.0012654224912640101,7,-0.26508682969144404,-0.33251344813828376,-0.6621782887928237,2.206414358623957,0.0447,False,LOW,NORMAL,Multi-factor anomaly (risk score > threshold)
T0106,2026-07-22 11:36:42,3632328.48,0.0067,JPMorgan Chase,JPYUSD,BUY,Bob Wilson,FX,CBOE,0.0839385825299143,0.003169293071573326,11,0.08393858252991429,-0.2432256820019783,0.7641615901362532,3.3345262209334376,0.1088,False,LOW,NORMAL,Multi-factor anomaly (risk score > threshold)
T0105,2026-07-22 11:35:35,285.97,151.8996,JPMorgan Chase,AAPL,BUY,Bob Wilson,Equities,NYSE,-0.1472751912298479,0.010313422643804832,10,-0.14727519122984795,0.09181987051096391,0.40757662040398396,3.0620041032850804,0.1246,False,LOW,NORMAL,Multi-factor anomaly (risk score > threshold)
T0104,2026-07-22 11:34:39,3411041.54,0.0067,UBS,JPYUSD,BUY,Jane Doe,FX,NYSE,0.021272199111721783,0.003169293071573326,9,0.02127219911172176,-0.2432256820019783,0.05099165067171474,2.7094596675661604,0.0449,False,LOW,NORMAL,Multi-factor anomaly (risk score > threshold)
T0103,2026-07-22 11:33:55,159.21,148.0639,Bank of America,AAPL,BUY,John Smith,Equities,CBOE,-0.4960564933617167,0.015198554973218816,8,-0.4960564933617168,0.3209229185252652,-0.3055933190605545,2.602982163836652,0.2764,False,LOW,NORMAL,Multi-factor anomaly (risk score > threshold)
T0102,2026-07-22 11:32:35,231.24,151.5613,Citigroup,AAPL,BUY,Jane Doe,Equities,CBOE,-0.2978652879928424,0.008063324349402455,7,-0.2978652879928425,-0.013705290900826264,-0.6621782887928237,2.221565112501958,0.0958,False,LOW,NORMAL,Multi-factor anomaly (risk score > threshold)
T0101,2026-07-22 11:31:28,2907612.36,1.2739,UBS,GBPUSD,BUY,John Smith,FX,NASDAQ,-0.04385982241835691,0.0035464458951821416,9,-0.043859822418356946,-0.22553796023122635,0.05099165067171474,2.718607862735897,0.039,False,LOW,NORMAL,Multi-factor anomaly (risk score > threshold)
T0100,2026-07-22 11:29:30,2410111.81,0.0067,Morgan Stanley,JPYUSD,SELL,Bob Wilson,FX,CBOE,-0.2621817012171812,0.003169293071573326,14,-0.2621817012171813,-0.2432256820019783,1.8339164993330608,4.305823468408344,0.1994,False,LOW,NORMAL,Multi-factor anomaly (risk score > threshold)
T0099,2026-07-22 11:28:01,2778359.41,1.098,UBS,EURUSD,BUY,Jane Doe,FX,CME,-0.13650103113271694,0.00017271507604649282,8,-0.136501031132717,-0.38375926555592427,-0.3055933190605545,2.4546522269759006,0.0724,False,LOW,NORMAL,Multi-factor anomaly (risk score > threshold)
T0098,2026-07-22 11:26:57,64.63,178.8525,JPMorgan Chase,GOOGL,SELL,Alice Johnson,Equities,CME,-0.6343641475378636,0.003303410407884517,10,-0.6343641475378637,-0.23693584408797871,0.40757662040398396,3.2547366821375108,0.1718,False,LOW,NORMAL,Multi-factor anomaly (risk score > threshold)
T0097,2026-07-22 11:25:19,325.47,418.0616,Bank of America,MSFT,BUY,John Smith,Equities,NYSE,-0.07195814123860794,0.004396606731331646,9,-0.07195814123860798,-0.18566709784097388,0.05099165067171474,2.7301022385148426,0.034,False,LOW,NORMAL,Multi-factor anomaly (risk score > threshold)
T0096,2026-07-22 11:23:37,3073189.15,0.0067,Citigroup,JPYUSD,SELL,John Smith,FX,NASDAQ,-0.0744044251413531,0.003169293071573326,7,-0.07440442514135315,-0.2432256820019783,-0.6621782887928237,2.1307125579780135,0.0335,False,LOW,NORMAL,Multi-factor anomaly (risk score > threshold)
T0095,2026-07-22 11:22:35,2709818.01,0.0066,JPMorgan Chase,JPYUSD,SELL,Bob Wilson,FX,CME,-0.17730771976120607,0.01804736332423645,10,-0.17730771976120613,0.45452639790225674,0.40757662040398396,3.0763372969017535,0.3097,False,LOW,NORMAL,Multi-factor anomaly (risk score > threshold)
T0094,2026-07-22 11:20:36,403.25,151.9435,UBS,AAPL,SELL,Jane Doe,Equities,NASDAQ,0.17542180398966584,0.01060540997789966,9,0.17542180398966584,0.10551349920141129,0.05099165067171474,2.773350344589236,0.2188,False,LOW,NORMAL,Multi-factor anomaly (risk score > threshold)
T0093,2026-07-22 11:20:02,309.81,180.2091,Morgan Stanley,GOOGL,BUY,Alice Johnson,Equities,NASDAQ,-0.06387864152093119,0.004256554330884459,13,-0.06387864152093123,-0.19223527852893063,1.4773315296007916,3.926828422907638,0.1714,False,LOW,NORMAL,Multi-factor anomaly (risk score > threshold)
T0092,2026-07-22 11:20:00,201.2,149.4154,Morgan Stanley,AAPL,BUY,John Smith,Equities,NYSE,-0.3805206233986593,0.006209468822214349,12,-0.3805206233986594,-0.10064744992887129,1.1207465598685225,3.7540710900061276,0.1252,False,LOW,NORMAL,Multi-factor anomaly (risk score > threshold)
T0091,2026-07-22 11:19:07,2669497.96,1.2732,Citigroup,GBPUSD,BUY,Jane Doe,FX,NYSE,-0.10105900947248117,0.00299500346475075,6,-0.10105900947248121,-0.2513995199796808,-1.018763258525093,1.8413221048284174,0.0628,False,LOW,NORMAL,Multi-factor anomaly (risk score > threshold)
T0090,2026-07-22 11:17:28,2494020.52,0.9577,JPMorgan Chase,EURUSD,SELL,Jane Doe,FX,NYSE,-0.21255044579852886,0.1279284237052184,10,-0.21255044579852891,5.607730887522768,0.40757662040398396,3.123398705430977,0.7914,True,MEDIUM,PRICE_ANOMALY,Price 12.8% away from average
T0089,2026-07-22 11:15:36,2015070.34,1.2659,JPMorgan Chase,GBPUSD,SELL,Bob Wilson,FX,NYSE,-0.2582638145987791,0.002755753309748751,9,-0.25826381459877923,-0.2626198792356249,0.05099165067171474,2.804132251832436,0.0284,False,LOW,NORMAL,Multi-factor anomaly (risk score > threshold)
T0088,2026-07-22 11:14:54,1770798.59,0.0067,Citigroup,JPYUSD,SELL,Alice Johnson,FX,NYSE,-0.44322920166541946,0.003169293071573326,5,-0.44322920166541957,-0.2432256820019783,-1.3753482282573621,1.6782424685876398,0.1339,False,LOW,NORMAL,Multi-factor anomaly (risk score > threshold)
T0087,2026-07-22 11:14:10,2310310.52,0.0067,Citigroup,JPYUSD,BUY,Bob Wilson,FX,CBOE,-0.29044448936351386,0.003169293071573326,4,-0.29044448936351397,-0.2432256820019783,-1.7319331979896313,1.3171285836668776,0.1771,False,LOW,NORMAL,Multi-factor anomaly (risk score > threshold)
T0086,2026-07-22 11:13:34,263.36,150.0428,Morgan Stanley,AAPL,SELL,Jane Doe,Equities,CME,-0.2094868135176481,0.0020365108857436968,11,-0.20948681351764817,-0.2963509269308097,0.7641615901362532,3.384405678672782,0.0636,False,LOW,NORMAL,Multi-factor anomaly (risk score > threshold)
T0085,2026-07-22 11:12:51,1338.53,148.6076,Morgan Stanley,AAPL,SELL,Jane Doe,Equities,NYSE,2.748853298608585,0.011582301817243172,10,2.7488532986085854,0.15132779508574482,0.40757662040398396,4.1030160099886075,0.6468,False,LOW,NORMAL,2.75x normal quantity for AAPL
T0084,2026-07-22 11:11:19,253.81,418.3582,UBS,MSFT,SELL,John Smith,Equities,NASDAQ,-0.23939464390875825,0.0036902611438787464,11,-0.2393946439087583,-0.21879330939977604,0.7641615901362532,3.3968649359066667,0.0569,False,LOW,NORMAL,Multi-factor anomaly (risk score > threshold)
T0083,2026-07-22 11:09:20,255.7,180.5083,Bank of America,GOOGL,SELL,John Smith,Equities,CME,-0.18978194003865784,0.00592391497502388,11,-0.1897819400386579,-0.11403936080294054,0.7641615901362532,3.3776899505079703,0.0657,False,LOW,NORMAL,Multi-factor anomaly (risk score > threshold)
T0082,2026-07-22 11:08:46,181.9,180.8079,JPMorgan Chase,GOOGL,SELL,Jane Doe,Equities,CBOE,-0.36149998532803546,0.007593504710933616,9,-0.36149998532803557,-0.03573890307998707,0.05099165067171474,2.846878045544494,0.0685,False,LOW,NORMAL,Multi-factor anomaly (risk score > threshold)
T0081,2026-07-22 11:07:10,278.17,415.3915,JPMorgan Chase,MSFT,BUY,John Smith,Equities,CME,-0.18247651377974816,0.010755384051149258,8,-0.18247651377974822,0.11254698672798659,-0.3055933190605545,2.476217220727244,0.108,False,LOW,NORMAL,Multi-factor anomaly (risk score > threshold)
T0080,2026-07-22 11:06:18,248.9,181.1468,Bank of America,GOOGL,SELL,John Smith,Equities,NYSE,-0.20560419895421023,0.009482102713269571,10,-0.20560419895421028,0.05283260934428174,0.40757662040398396,3.085086310395665,0.1084,False,LOW,NORMAL,Multi-factor anomaly (risk score > threshold)
T0079,2026-07-22 11:05:15,229.79,181.0333,UBS,GOOGL,BUY,Alice Johnson,Equities,NASDAQ,-0.2500694001124759,0.008849597923463888,11,-0.250069400112476,0.023169385206910177,0.7641615901362532,3.4026826394220295,0.0892,False,LOW,NORMAL,Multi-factor anomaly (risk score > threshold)
T0078,2026-07-22 11:04:16,267.51,181.1558,Goldman Sachs,GOOGL,SELL,Alice Johnson,Equities,CBOE,-0.162302399186794,0.009532257278099894,7,-0.16230239918679407,0.05518475927587557,-0.6621782887928237,2.1677806368581476,0.1176,False,LOW,NORMAL,Multi-factor anomaly (risk score > threshold)
T0077,2026-07-22 11:02:25,2077556.04,1.1084,Bank of America,EURUSD,SELL,John Smith,FX,NASDAQ,-0.32393823356509754,0.009297415855837916,10,-0.32393823356509766,0.04417116086907725,0.40757662040398396,3.1323645181827904,0.1007,False,LOW,NORMAL,Multi-factor anomaly (risk score > threshold)
T0076,2026-07-22 11:00:31,50.0,419.0986,Goldman Sachs,MSFT,BUY,Bob Wilson,Equities,NASDAQ,-0.715604992906851,0.0019270167981266188,6,-0.7156049929068511,-0.30148598316287434,-1.018763258525093,2.086820102202178,0.2753,False,LOW,NORMAL,Multi-factor anomaly (risk score > threshold)
T0075,2026-07-22 10:59:50,2007603.29,1.267,UBS,GBPUSD,BUY,Jane Doe,FX,NYSE,-0.2600575288373657,0.0018892009190708493,10,-0.2600575288373658,-0.3032594731260533,0.40757662040398396,3.1045897718106676,0.0498,False,LOW,NORMAL,Multi-factor anomaly (risk score > threshold)
T0074,2026-07-22 10:58:19,2624822.15,1.2731,Goldman Sachs,GBPUSD,BUY,Jane Doe,FX,NYSE,-0.11179090982367589,0.0029162259746889473,5,-0.11179090982367593,-0.2550940285151825,-1.3753482282573621,1.545591231721877,0.102,False,LOW,NORMAL,Multi-factor anomaly (risk score > threshold)
T0073,2026-07-22 10:56:36,1000000.0,1.2666,Morgan Stanley,GBPUSD,BUY,John Smith,FX,CBOE,-0.5021012232172983,0.002204310879317359,10,-0.5021012232172984,-0.2884814389840793,0.40757662040398396,3.2015017825507144,0.0889,False,LOW,NORMAL,Multi-factor anomaly (risk score > threshold)
T0072,2026-07-22 10:54:46,272.16,148.6832,Morgan Stanley,AAPL,BUY,Jane Doe,Equities,NYSE,-0.18527353283951267,0.011079471692925003,9,-0.18527353283951273,0.1277460563842014,0.05099165067171474,2.7774332546436824,0.1389,False,LOW,NORMAL,Multi-factor anomaly (risk score > threshold)
T0071,2026-07-22 10:53:18,305.65,424.9616,Morgan Stanley,MSFT,BUY,Alice Johnson,Equities,CME,-0.1182683768361852,0.012035573152096512,8,-0.11826837683618524,0.17258532454244804,-0.3055933190605545,2.450918022680103,0.146,False,LOW,NORMAL,Multi-factor anomaly (risk score > threshold)
T0070,2026-07-22 10:52:44,292.85,151.1646,Morgan Stanley,AAPL,BUY,John Smith,Equities,NASDAQ,-0.12834480815421476,0.005424796435156608,7,-0.1283448081542148,-0.137447033531789,-0.6621782887928237,2.152965362192233,0.0529,False,LOW,NORMAL,Multi-factor anomaly (risk score > threshold)
T0069,2026-07-22 10:51:40,1901323.59,1.0956,Citigroup,EURUSD,BUY,Jane Doe,FX,NYSE,-0.37107344840546624,0.0023581299064815275,9,-0.37107344840546636,-0.2812676307206432,0.05099165067171474,2.849136818334131,0.0387,False,LOW,NORMAL,Multi-factor anomaly (risk score > threshold)
T0068,2026-07-22 10:50:08,2268866.54,0.0067,UBS,JPYUSD,SELL,Bob Wilson,FX,NASDAQ,-0.30218103532079404,0.003169293071573326,10,-0.30218103532079416,-0.2432256820019783,0.40757662040398396,3.12182320204979,0.0269,False,LOW,NORMAL,Multi-factor anomaly (risk score > threshold)
T0067,2026-07-22 10:48:09,182.71,151.831,Citigroup,AAPL,SELL,John Smith,Equities,CME,-0.4313960279144233,0.009857150864330965,9,-0.4313960279144234,0.07042162613363877,0.05099165067171474,2.8755155564250683,0.1198,False,LOW,NORMAL,Multi-factor anomaly (risk score > threshold)
T0066,2026-07-22 10:47:28,2855220.54,1.2702,JPMorgan Chase,GBPUSD,SELL,Bob Wilson,FX,CBOE,-0.05644524149543079,0.0006316787629015776,12,-0.05644524149543082,-0.36223477604450194,1.1207465598685225,3.6227676002270424,0.1616,False,LOW,NORMAL,Multi-factor anomaly (risk score > threshold)
T0065,2026-07-22 10:46:10,253.42,421.3076,Morgan Stanley,MSFT,BUY,Bob Wilson,Equities,CME,-0.2403058947605774,0.003333662239915841,8,-0.24030589476057745,-0.23551709297561646,-0.3055933190605545,2.497122456576206,0.0085,False,LOW,NORMAL,Multi-factor anomaly (risk score > threshold)
T0064,2026-07-22 10:44:16,2418429.89,1.2715,JPMorgan Chase,GBPUSD,BUY,Bob Wilson,FX,NASDAQ,-0.16136989154953305,0.001655786133702909,12,-0.1613698915495331,-0.31420616508307836,1.1207465598685225,3.6650446924599236,0.1054,False,LOW,NORMAL,Multi-factor anomaly (risk score > threshold)
T0063,2026-07-22 10:43:09,369.26,421.5847,JPMorgan Chase,MSFT,BUY,Bob Wilson,Equities,CBOE,0.03035897363616004,0.003993569058132981,11,0.030358973636160014,-0.20456876788140096,0.7641615901362532,3.3133416601719037,0.1043,False,LOW,NORMAL,Multi-factor anomaly (risk score > threshold)
T0062,2026-07-22 10:42:01,1735493.9,1.1027,Morgan Stanley,EURUSD,BUY,Jane Doe,FX,NYSE,-0.41542633611179813,0.004107055633555063,7,-0.41542633611179824,-0.19924647186469863,-0.6621782887928237,2.267402651134786,0.0633,False,LOW,NORMAL,Multi-factor anomaly (risk score > threshold)
T0061,2026-07-22 10:40:25,263.97,150.9914,UBS,AAPL,BUY,Alice Johnson,Equities,NYSE,-0.2078083929251864,0.004272809959866906,11,-0.20780839292518646,-0.19147292166812577,0.7641615901362532,3.3844052001580343,0.0522,False,LOW,NORMAL,Multi-factor anomaly (risk score > threshold)
T0060,2026-07-22 10:39:25,131.38,150.0948,Bank of America,AAPL,SELL,Jane Doe,Equities,CME,-0.57263099350632,0.0016906488954720284,11,-0.5726309935063201,-0.31257117048213173,0.7641615901362532,3.5295595920711693,0.2074,False,LOW,NORMAL,Multi-factor anomaly (risk score > threshold)
T0059,2026-07-22 10:37:51,2960381.01,1.1045,Morgan Stanley,EURUSD,SELL,John Smith,FX,NASDAQ,-0.08781744748176255,0.005746116756381237,7,-0.0878174474817626,-0.12237774573824262,-0.6621782887928237,2.1368508140196196,0.0591,False,LOW,NORMAL,Multi-factor anomaly (risk score > threshold)
T0058,2026-07-22 10:37:09,255.69,417.7247,Bank of America,MSFT,SELL,Jane Doe,Equities,CBOE,-0.23500194749486095,0.005198925775205153,10,-0.235001947494861,-0.14803992092202428,0.40757662040398396,3.0955604567305057,0.0441,False,LOW,NORMAL,Multi-factor anomaly (risk score > threshold)
T0057,2026-07-22 10:35:25,336.86,150.95,JPMorgan Chase,AAPL,BUY,Bob Wilson,Equities,NYSE,-0.007250889671858005,0.003997450606073587,12,-0.007250889671858034,-0.2043867309570679,1.1207465598685225,3.604099591050565,0.1306,False,LOW,NORMAL,Multi-factor anomaly (risk score > threshold)
T0056,2026-07-22 10:34:17,2572746.97,0.0067,Bank of America,JPYUSD,BUY,Alice Johnson,FX,CME,-0.21612495112682745,0.003169293071573326,9,-0.2161249511268275,-0.2432256820019783,0.05099165067171474,2.7874007683722026,0.0058,False,LOW,NORMAL,Multi-factor anomaly (risk score > threshold)
T0055,2026-07-22 10:32:39,2320581.4,0.0067,UBS,JPYUSD,BUY,John Smith,FX,CME,-0.287535872595971,0.003169293071573326,11,-0.28753587259597113,-0.2432256820019783,0.7641615901362532,3.4159651369598603,0.0441,False,LOW,NORMAL,Multi-factor anomaly (risk score > threshold)
T0054,2026-07-22 10:32:38,2194063.49,1.271,Morgan Stanley,GBPUSD,SELL,Alice Johnson,FX,NYSE,-0.21526657181019962,0.001261898683394597,7,-0.21526657181019968,-0.332678707760554,-0.6621782887928237,2.1864851983290983,0.0468,False,LOW,NORMAL,Multi-factor anomaly (risk score > threshold)
T0053,2026-07-22 10:30:45,115.92,148.5353,Morgan Stanley,AAPL,SELL,Bob Wilson,Equities,NYSE,-0.6151693252431351,0.012063183007563169,6,-0.6151693252431352,0.17388017217729282,-1.018763258525093,2.049686684999523,0.3933,False,LOW,NORMAL,Multi-factor anomaly (risk score > threshold)
T0052,2026-07-22 10:29:39,3174699.91,1.2712,Bank of America,GBPUSD,SELL,Jane Doe,FX,NYSE,0.02029921513786728,0.0014194536635180268,9,0.020299215137867255,-0.3252896906895589,0.05099165067171474,2.708545522154202,0.0766,False,LOW,NORMAL,Multi-factor anomaly (risk score > threshold)
T0051,2026-07-22 10:28:34,366.62,416.7032,Citigroup,MSFT,SELL,Bob Wilson,Equities,NASDAQ,0.024190506331538294,0.007631602840556163,8,0.02419050633153827,-0.03395217612325454,-0.3055933190605545,2.411965683384782,0.0905,False,LOW,NORMAL,Multi-factor anomaly (risk score > threshold)
T0050,2026-07-22 10:27:58,183.77,178.9929,Bank of America,GOOGL,BUY,Bob Wilson,Equities,NYSE,-0.3571488641262585,0.002520999196530286,8,-0.3571488641262586,-0.2736293830208983,-0.3055933190605545,2.5436158454094624,0.0415,False,LOW,NORMAL,Multi-factor anomaly (risk score > threshold)
T0049,2026-07-22 10:26:54,286.09,150.5605,JPMorgan Chase,AAPL,SELL,John Smith,Equities,NASDAQ,-0.14694501012969163,0.0014068112750960187,12,-0.1469450101296917,-0.3258825937116987,1.1207465598685225,3.659200047434405,0.1047,False,LOW,NORMAL,Multi-factor anomaly (risk score > threshold)
T0048,2026-07-22 10:25:52,275.81,423.1121,UBS,MSFT,BUY,John Smith,Equities,CME,-0.18799074970357676,0.007631034500734176,10,-0.18799074970357682,-0.033978830137259664,0.40757662040398396,3.077485610231651,0.0595,False,LOW,NORMAL,Multi-factor anomaly (risk score > threshold)
T0047,2026-07-22 10:24:33,250.14,422.5399,Bank of America,MSFT,SELL,Jane Doe,Equities,CME,-0.24796974807844083,0.006268354308082325,7,-0.24796974807844088,-0.09788583706222971,-0.6621782887928237,2.201068405523801,0.0631,False,LOW,NORMAL,Multi-factor anomaly (risk score > threshold)
T0046,2026-07-22 10:24:00,4084834.12,1.0984,UBS,EURUSD,SELL,John Smith,FX,CBOE,0.21292931577194438,0.00019152072902594555,9,0.21292931577194438,-0.3828773176112288,0.05099165067171474,2.7852291825274853,0.2017,False,LOW,NORMAL,Multi-factor anomaly (risk score > threshold)
T0045,2026-07-22 10:23:58,283.29,150.9296,Goldman Sachs,AAPL,SELL,Jane Doe,Equities,NYSE,-0.15464923580000733,0.003861766286813176,8,-0.1546492358000074,-0.21075005727335516,-0.3055933190605545,2.463018224206047,0.0061,False,LOW,NORMAL,Multi-factor anomaly (risk score > threshold)
T0044,2026-07-22 10:21:59,161.23,180.3297,Bank of America,GOOGL,SELL,Bob Wilson,Equities,NYSE,-0.40959499882575146,0.004928625499611791,6,-0.40959499882575157,-0.1607164694455263,-1.018763258525093,1.9653165871801839,0.1321,False,LOW,NORMAL,Multi-factor anomaly (risk score > threshold)
T0043,2026-07-22 10:20:12,2703296.31,0.0067,Bank of America,JPYUSD,BUY,Bob Wilson,FX,CBOE,-0.17915460395933547,0.003169293071573326,5,-0.17915460395933552,-0.2432256820019783,-1.3753482282573621,1.572612629505206,0.083,False,LOW,NORMAL,Multi-factor anomaly (risk score > threshold)
T0042,2026-07-22 10:19:21,1921135.69,1.2763,JPMorgan Chase,GBPUSD,SELL,Jane Doe,FX,NASDAQ,-0.280828538177923,0.005437105656661375,11,-0.28082853817792314,-0.13686975537937432,0.7641615901362532,3.4139625469681674,0.07,False,LOW,NORMAL,Multi-factor anomaly (risk score > threshold)
T0041,2026-07-22 10:18:18,3286014.81,1.0979,UBS,EURUSD,BUY,Jane Doe,FX,NASDAQ,-0.0007232765598598952,0.0002637740273146024,8,-0.0007232765598599237,-0.3794887807711217,-0.3055933190605545,2.4003684428321383,0.096,False,LOW,NORMAL,Multi-factor anomaly (risk score > threshold)
T0040,2026-07-22 10:16:51,2219108.83,0.0067,UBS,JPYUSD,BUY,John Smith,FX,NASDAQ,-0.3162719515441881,0.003169293071573326,7,-0.3162719515441882,-0.2432256820019783,-0.6621782887928237,2.2274595685391474,0.0346,False,LOW,NORMAL,Multi-factor anomaly (risk score > threshold)
T0039,2026-07-22 10:16:06,322.48,179.2642,UBS,GOOGL,BUY,Bob Wilson,Equities,CME,-0.034398050276806286,0.001009117703365038,6,-0.03439805027680632,-0.34453363595893943,-1.018763258525093,1.8140619554217319,0.1101,False,LOW,NORMAL,Multi-factor anomaly (risk score > threshold)
T0038,2026-07-22 10:15:32,2612375.29,0.0067,Goldman Sachs,JPYUSD,BUY,John Smith,FX,NASDAQ,-0.20490258303163478,0.003169293071573326,7,-0.20490258303163483,-0.2432256820019783,-0.6621782887928237,2.182911821134126,0.0233,False,LOW,NORMAL,Multi-factor anomaly (risk score > threshold)
T0037,2026-07-22 10:13:53,1329582.2,0.0067,Citigroup,JPYUSD,SELL,Bob Wilson,FX,CBOE,-0.5681775400812825,0.003169293071573326,7,-0.5681775400812826,-0.2432256820019783,-0.6621782887928237,2.3282218039539853,0.1286,False,LOW,NORMAL,Multi-factor anomaly (risk score > threshold)
T0036,2026-07-22 10:12:59,2886285.76,1.2847,JPMorgan Chase,GBPUSD,SELL,Bob Wilson,FX,NASDAQ,-0.04898283968496696,0.012054414821838777,10,-0.04898283968496699,0.17346896160211184,0.40757662040398396,3.0232094603205386,0.192,False,LOW,NORMAL,Multi-factor anomaly (risk score > threshold)
T0035,2026-07-22 10:12:22,178.07,151.6584,Goldman Sachs,AAPL,BUY,John Smith,Equities,CME,-0.4441630304538038,0.00870915510431376,6,-0.4441630304538039,0.016582894653669578,-1.018763258525093,1.9802779587128154,0.1938,False,LOW,NORMAL,Multi-factor anomaly (risk score > threshold)
T0034,2026-07-22 10:11:03,2976334.41,0.0067,Citigroup,JPYUSD,SELL,Jane Doe,FX,NYSE,-0.10183277799719419,0.003169293071573326,6,-0.10183277799719423,-0.2432256820019783,-1.018763258525093,1.8416838991203495,0.0547,False,LOW,NORMAL,Multi-factor anomaly (risk score > threshold)
T0033,2026-07-22 10:10:32,2042969.97,1.2669,Goldman Sachs,GBPUSD,SELL,John Smith,FX,CBOE,-0.25156184212205845,0.0019679784091324766,5,-0.25156184212205857,-0.2995649645905598,-1.3753482282573621,1.6012151303715632,0.1246,False,LOW,NORMAL,Multi-factor anomaly (risk score > threshold)
T0032,2026-07-22 10:09:38,2406900.71,1.2728,Citigroup,GBPUSD,BUY,Jane Doe,FX,CME,-0.16413939949781622,0.0026798935045040653,5,-0.16413939949781628,-0.26617755412166294,-1.3753482282573621,1.5664597278504777,0.106,False,LOW,NORMAL,Multi-factor anomaly (risk score > threshold)
T0031,2026-07-22 10:08:09,253.15,179.8023,UBS,GOOGL,BUY,Bob Wilson,Equities,NASDAQ,-0.19571528713198996,0.001989568000550376,5,-0.19571528713199002,-0.2985524554371348,-1.3753482282573621,1.5788829852529611,0.1261,False,LOW,NORMAL,Multi-factor anomaly (risk score > threshold)
T0030,2026-07-22 10:07:10,250.98,182.0931,JPMorgan Chase,GOOGL,SELL,Alice Johnson,Equities,NYSE,-0.20076444916827657,0.014755576568714693,9,-0.20076444916827663,0.3001481071521246,0.05099165067171474,2.784732452637925,0.2278,False,LOW,NORMAL,Multi-factor anomaly (risk score > threshold)
T0029,2026-07-22 10:05:32,1472596.71,1.0975,Morgan Stanley,EURUSD,SELL,Alice Johnson,FX,CME,-0.48574094350435965,0.000628009832387243,5,-0.48574094350435976,-0.36240684163190184,-1.3753482282573621,1.69448478035146,0.2146,False,LOW,NORMAL,Multi-factor anomaly (risk score > threshold)
T0028,2026-07-22 10:04:12,1502444.45,1.0999,Citigroup,EURUSD,SELL,John Smith,FX,NYSE,-0.47775785277731436,0.0015574049980477916,4,-0.4777578527773145,-0.31882004583918055,-1.7319331979896313,1.39157036261034,0.251,False,LOW,NORMAL,Multi-factor anomaly (risk score > threshold)
T0027,2026-07-22 10:03:26,2631124.76,1.096,Bank of America,EURUSD,SELL,Jane Doe,FX,NYSE,-0.17588048060241737,0.001993894101408887,4,-0.17588048060241743,-0.29834956985986305,-1.7319331979896313,1.2709503604713897,0.2182,False,LOW,NORMAL,Multi-factor anomaly (risk score > threshold)
T0026,2026-07-22 10:02:16,268.79,180.4989,Citigroup,GOOGL,SELL,Bob Wilson,Equities,NASDAQ,-0.15932409162621938,0.005871531318423244,3,-0.15932409162621944,-0.1164960507314977,-2.0885181677219005,0.9654910960460147,0.3449,False,LOW,NORMAL,Multi-factor anomaly (risk score > threshold)
T0025,2026-07-22 10:00:35,254.71,150.6019,JPMorgan Chase,AAPL,SELL,Bob Wilson,Equities,CME,-0.23328736782058807,0.0016821706288893382,8,-0.23328736782058812,-0.31296878442275655,-0.3055933190605545,2.493819598316902,0.0273,False,LOW,NORMAL,Multi-factor anomaly (risk score > threshold)
T0024,2026-07-22 09:59:47,311.01,148.523,JPMorgan Chase,AAPL,BUY,Jane Doe,Equities,NASDAQ,-0.07837740166388085,0.01214499267064674,7,-0.0783774016638809,0.17771688363270546,-0.6621782887928237,2.1349944584667466,0.1898,False,LOW,NORMAL,Multi-factor anomaly (risk score > threshold)
T0023,2026-07-22 09:58:18,1810431.82,1.1051,JPMorgan Chase,EURUSD,SELL,John Smith,FX,NYSE,-0.39538340441056846,0.006292470463989895,6,-0.3953834044105686,-0.09675483702942708,-1.018763258525093,1.9600411029034241,0.1409,False,LOW,NORMAL,Multi-factor anomaly (risk score > threshold)
T0022,2026-07-22 09:57:38,175.71,170.0817,Citigroup,AAPL,SELL,John Smith,Equities,CME,-0.4506565920902128,0.13124606289994734,2,-0.4506565920902129,5.763321606559706,-2.44510313745417,0.8196364557060694,0.9051,True,HIGH,PRICE_ANOMALY,Price 13.1% away from average
T0021,2026-07-22 09:56:50,1918497.92,1.1026,Bank of America,EURUSD,SELL,Alice Johnson,FX,CBOE,-0.3664799939406989,0.004015996682286953,3,-0.366479993940699,-0.20351695664950123,-2.0885181677219005,1.0477967965809656,0.3016,False,LOW,NORMAL,Multi-factor anomaly (risk score > threshold)
T0020,2026-07-22 09:55:11,235.57,421.0132,UBS,MSFT,SELL,Bob Wilson,Equities,NASDAQ,-0.28201314528614513,0.0026325558982229135,4,-0.28201314528614524,-0.2683975942666172,-1.7319331979896313,1.313595024883925,0.1928,False,LOW,NORMAL,Multi-factor anomaly (risk score > threshold)
T0019,2026-07-22 09:53:12,1060921.59,0.0067,JPMorgan Chase,JPYUSD,BUY,Alice Johnson,FX,NASDAQ,-0.6442597019821407,0.003169293071573326,5,-0.6442597019821408,-0.2432256820019783,-1.3753482282573621,1.7586546687143283,0.2391,False,LOW,NORMAL,Multi-factor anomaly (risk score > threshold)
T0018,2026-07-22 09:51:44,272.6,177.8997,Morgan Stanley,GOOGL,SELL,Jane Doe,Equities,CME,-0.1504589730279466,0.00861310700459613,4,-0.15045897302794667,0.012078428670466585,-1.7319331979896313,1.2627675213125575,0.273,False,LOW,NORMAL,Multi-factor anomaly (risk score > threshold)
T0017,2026-07-22 09:50:17,2722090.21,0.0075,Citigroup,JPYUSD,SELL,John Smith,FX,CBOE,-0.17383234796301159,0.11585526894973128,1,-0.17383234796301164,5.041523798929477,-2.8016881071864392,0.404289519870124,0.944,True,HIGH,PRICE_ANOMALY,Price 11.6% away from average
T0016,2026-07-22 09:49:04,1919467.8,0.0067,Morgan Stanley,JPYUSD,BUY,Alice Johnson,FX,CBOE,-0.40112747746814065,0.003169293071573326,3,-0.40112747746814076,-0.2432256820019783,-2.0885181677219005,1.0614017789087282,0.2912,False,LOW,NORMAL,Multi-factor anomaly (risk score > threshold)
T0015,2026-07-22 09:48:34,287.61,181.6678,UBS,GOOGL,SELL,Alice Johnson,Equities,NASDAQ,-0.1155336632746464,0.012385494744007072,3,-0.11553366327464644,0.18899595538452857,-2.0885181677219005,0.9499291137330605,0.4642,False,LOW,NORMAL,Multi-factor anomaly (risk score > threshold)
T0014,2026-07-22 09:47:21,2723237.84,1.0966,Bank of America,EURUSD,BUY,Jane Doe,FX,CME,-0.15124387244422588,0.0014475403938002294,2,-0.15124387244422594,-0.32397247856867856,-2.44510313745417,0.6609318110958304,0.4975,False,LOW,NORMAL,Multi-factor anomaly (risk score > threshold)
T0013,2026-07-22 09:46:16,220.1,149.927,JPMorgan Chase,AAPL,BUY,Alice Johnson,Equities,CME,-0.3285171001240275,0.0028067189333103783,4,-0.32851710012402763,-0.2602296922530506,-1.7319331979896313,1.3322488557296042,0.1896,False,LOW,NORMAL,Multi-factor anomaly (risk score > threshold)
T0012,2026-07-22 09:44:55,277.12,149.2259,Goldman Sachs,AAPL,BUY,Alice Johnson,Equities,CBOE,-0.17162604736638185,0.00746986972907,4,-0.1716260473663819,-0.04153713929471517,-1.7319331979896313,1.2708913798652737,0.2474,False,LOW,NORMAL,Multi-factor anomaly (risk score > threshold)
T0011,2026-07-22 09:44:12,360.17,148.6513,UBS,AAPL,BUY,Bob Wilson,Equities,CBOE,0.05688678903352115,0.011291644721572508,2,0.05688678903352113,0.13769655194741992,-2.44510313745417,0.6261422090298802,0.6248,False,LOW,NORMAL,Multi-factor anomaly (risk score > threshold)
T0010,2026-07-22 09:42:17,1769.07,150.906,JPMorgan Chase,AAPL,SELL,Bob Wilson,Equities,NASDAQ,3.93348805578636,0.003704798152766863,3,3.9334880557863605,-0.21811155242356775,-2.0885181677219005,2.4745066617603744,0.7225,True,MEDIUM,SIZE_ANOMALY,3.93x normal quantity for AAPL
T0009,2026-07-22 09:40:36,2743062.98,1.0987,JPMorgan Chase,EURUSD,BUY,John Smith,FX,CBOE,-0.14594143107692722,0.0004646975828302743,2,-0.14594143107692728,-0.3700658632568211,-2.44510313745417,0.65851598170562,0.5443,False,LOW,NORMAL,Multi-factor anomaly (risk score > threshold)
T0008,2026-07-22 09:40:33,2854894.94,0.0067,Goldman Sachs,JPYUSD,SELL,Bob Wilson,FX,CME,-0.13622329552670634,0.003169293071573326,3,-0.1362232955267064,-0.2432256820019783,-2.0885181677219005,0.9554401061321545,0.3023,False,LOW,NORMAL,Multi-factor anomaly (risk score > threshold)
T0007,2026-07-22 09:38:35,1000000.0,1.0966,Morgan Stanley,EURUSD,SELL,Jane Doe,FX,NYSE,-0.6121418841864044,0.0014475403938002294,2,-0.6121418841864045,-0.32397247856867856,-2.44510313745417,0.8452910157927018,0.5936,False,LOW,NORMAL,Multi-factor anomaly (risk score > threshold)
T0006,2026-07-22 09:36:39,160.51,179.411,Morgan Stanley,GOOGL,SELL,Jane Doe,Equities,NASDAQ,-0.41127029682857463,0.00019104102368689175,1,-0.41127029682857474,-0.3828998148432207,-2.8016881071864392,0.4645654310385359,0.5779,False,LOW,NORMAL,Multi-factor anomaly (risk score > threshold)
T0005,2026-07-22 09:36:04,2049520.98,1.2689,UBS,GBPUSD,SELL,John Smith,FX,NYSE,-0.24998817649585764,0.0003924286078997536,1,-0.2499881764958577,-0.3734551353004379,-2.8016881071864392,0.40011299918071297,0.5737,False,LOW,NORMAL,Multi-factor anomaly (risk score > threshold)
T0004,2026-07-22 09:34:24,2027893.78,0.0067,JPMorgan Chase,JPYUSD,BUY,Jane Doe,FX,CBOE,-0.3704222581037567,0.003169293071573326,1,-0.3704222581037568,-0.2432256820019783,-2.8016881071864392,0.4491196911629747,0.4927,False,LOW,NORMAL,Multi-factor anomaly (risk score > threshold)
T0003,2026-07-22 09:33:52,27421422.38,0.0067,Goldman Sachs,JPYUSD,SELL,Jane Doe,FX,CBOE,6.820786584082944,0.003169293071573326,2,6.820786584082945,-0.2432256820019783,-2.44510313745417,3.3292654215546498,0.9866,True,HIGH,SIZE_ANOMALY,6.82x normal quantity for JPYUSD
T0002,2026-07-22 09:32:23,183.61,179.4064,Bank of America,GOOGL,SELL,Bob Wilson,Equities,CME,-0.3575211525713304,0.00021667557904471059,1,-0.3575211525713305,-0.3816976048781793,-2.8016881071864392,0.44307346370224554,0.5765,False,LOW,NORMAL,Multi-factor anomaly (risk score > threshold)
T0001,2026-07-22 09:31:52,2907807.37,1.098,Goldman Sachs,EURUSD,BUY,John Smith,FX,CBOE,-0.10187881822443898,0.00017271507604649282,1,-0.10187881822443902,-0.38375926555592427,-2.8016881071864392,0.34080334181258953,0.5821,False,LOW,NORMAL,Multi-factor anomaly (risk score > threshold)
